dimension,segment,model,status,n_rows,mape_pct,mae_mw,rmse_mw,mase,rmsse,signed_bias_pct,shortfall_freq_pct,p95_abs_pct,rmse_mae_ratio,baseline_mape_pct,n_peak_days,peak_mae_mw,peak_mape_pct,baseline_peak_mae_mw,n_ramps,ramp_mae_mw,baseline_ramp_mae_mw,ramp_mase
temperature_band,< 20 C,seasonal_naive,reportable,5584,17.286687129949293,3191.188753581662,4692.10467984758,1.0,1.0,-0.03388385689934982,45.075214899713465,58.714709686641626,1.4703312909903403,17.286687129949293,174,2596.655172413793,14.030154005621892,2596.655172413793,844,484.6919431279621,484.6919431279621,1.0
temperature_band,< 20 C,hour_weekday_mean,reportable,5584,21.561223063373408,4720.40778743769,7325.140309819147,1.4792004334245958,1.5611630195038826,2.735161206220565,45.45128939828081,59.70094984959919,1.5518024373473347,17.286687129949293,174,3533.7413725648653,16.871780126671823,2596.655172413793,844,820.9090416736423,484.6919431279621,1.6936717296679233
temperature_band,< 20 C,ridge_all,reportable,5584,24.851566036942017,5000.779144701607,6938.385013470284,1.5670584007570638,1.4787361934337049,3.5387493842279265,48.78223495702006,63.580344590625295,1.3874607961484555,17.286687129949293,174,2983.2790030189694,22.5188677082693,2596.655172413793,844,961.6612603054109,484.6919431279621,1.9840669397129334
temperature_band,< 20 C,per_zone_ridge,reportable,5584,67.46267962895344,5777.329283188236,7814.257053875389,1.8104003646615996,1.665405524185626,63.01019961583138,16.189111747851005,341.807659178085,1.3525725591952182,17.286687129949293,174,5929.691378893073,93.90782969353427,2596.655172413793,844,1278.0248846332854,484.6919431279621,2.636777653834196
temperature_band,20 to < 30 C,seasonal_naive,reportable,22857,10.60085611944327,3670.254189088682,5346.240944250124,1.0,1.0,0.25238652857753835,39.725248282801765,31.157617497918725,1.4566405128407705,10.60085611944327,1043,3845.197507190796,9.733713382199843,3845.197507190796,5347,653.0366560688236,653.0366560688236,1.0
temperature_band,20 to < 30 C,hour_weekday_mean,reportable,22857,18.409988286576127,8416.555323931032,12111.593610697333,2.2931804965859457,2.265441033615093,-9.254183298340957,65.42415890099313,42.027890790125376,1.4390202576415192,10.60085611944327,1043,7975.666548405891,15.667895742312911,3845.197507190796,5347,1521.7255807167062,653.0366560688236,2.3302299596430793
temperature_band,20 to < 30 C,ridge_all,reportable,22857,17.083464096251337,6814.198851336539,9347.082610926134,1.8566013415622566,1.7483466810411732,2.1071094068818668,47.29842061512885,42.24230953301455,1.371706757441162,10.60085611944327,1043,5376.1014179430795,13.419423224490629,3845.197507190796,5347,2019.7279956539467,653.0366560688236,3.0928248466363075
temperature_band,20 to < 30 C,per_zone_ridge,reportable,22857,21.680539345967,7004.616003316309,9919.994484039675,1.9084825307577793,1.8555083071421643,8.787851038145156,39.13024456402853,51.1425450193388,1.4162081803403772,10.60085611944327,1043,7249.275514712687,17.05507749225057,3845.197507190796,5347,1637.4221009254338,653.0366560688236,2.5073969213037035
temperature_band,30 to < 45 C,seasonal_naive,reportable,6592,11.251155679283237,4784.815230582524,6707.703692777215,1.0,1.0,1.1537115660976562,39.654126213592235,31.232535175786484,1.4018730859040067,11.251155679283237,242,5909.05785123967,9.279349472305514,5909.05785123967,1104,992.098731884058,992.098731884058,1.0
temperature_band,30 to < 45 C,hour_weekday_mean,reportable,6592,21.031628707814942,9628.213792212508,12778.60302384098,2.012243593163853,1.905063731065051,-3.9986487877004793,58.88956310679612,51.05479071039606,1.32720391337556,11.251155679283237,242,12771.237947900949,19.191422896254107,5909.05785123967,1104,2160.379701295331,992.098731884058,2.177585387285632
temperature_band,30 to < 45 C,ridge_all,reportable,6592,26.127946361533628,9266.919834889695,11621.548327891003,1.9367351482371662,1.7325673375234159,16.329621196071674,31.780946601941746,84.16322861873874,1.2540896581554744,11.251155679283237,242,8605.632265227921,13.410813380928133,5909.05785123967,1104,2497.043054918923,992.098731884058,2.516929993627631
temperature_band,30 to < 45 C,per_zone_ridge,reportable,6592,16.824631476416293,7317.386667972259,9607.409503273606,1.5292934659634512,1.4322948572726555,6.5313032791410555,31.158980582524272,40.85419266313502,1.3129563789931498,11.251155679283237,242,6755.645546877077,11.255572983331708,5909.05785123967,1104,2265.5856541360877,992.098731884058,2.2836292208877214
temperature_band,>= 45 C,seasonal_naive,absent,0,,,,,,,,,,,0,,,,0,,,
temperature_band,>= 45 C,hour_weekday_mean,absent,0,,,,,,,,,,,0,,,,0,,,
temperature_band,>= 45 C,ridge_all,absent,0,,,,,,,,,,,0,,,,0,,,
temperature_band,>= 45 C,per_zone_ridge,absent,0,,,,,,,,,,,0,,,,0,,,
hour_of_day,0,seasonal_naive,reportable,1460,12.694238422648935,3777.4842465753422,5571.111465002244,1.0,1.0,0.17479579935221148,41.43835616438356,37.10676046086328,1.474820568756309,12.694238422648935,62,3236.6774193548385,12.418770383214953,3236.6774193548385,0,,,
hour_of_day,0,hour_weekday_mean,reportable,1460,23.02382670014992,9497.55742327115,13569.606078723422,2.5142546740946994,2.43570895394353,-10.029930508841998,66.71232876712328,46.03279802084813,1.428746937130892,12.694238422648935,62,9731.504038797297,21.97962712309595,3236.6774193548385,0,,,
hour_of_day,0,ridge_all,reportable,1460,18.083242572415106,6181.376336033148,8541.552464514762,1.6363738225082387,1.5331864239609716,-1.2266430753424673,55.06849315068493,45.37514177340739,1.3818204878941636,12.694238422648935,62,5916.164550747669,16.856390638780372,3236.6774193548385,0,,,
hour_of_day,0,per_zone_ridge,reportable,1460,27.11652259890855,6517.627960743952,8996.49065669907,1.725388521911856,1.6148466447341934,11.936031965684,44.726027397260275,74.1137529063913,1.3803320335075047,12.694238422648935,62,5599.875795984947,14.05841016345565,3236.6774193548385,0,,,
hour_of_day,1,seasonal_naive,reportable,1460,12.86996782101379,3781.4397260273972,5557.271136901734,1.0,1.0,0.2569564105365846,41.43835616438356,38.21228408913484,1.469617801561508,12.86996782101379,4,3289.25,7.977331831201336,3289.25,0,,,
hour_of_day,1,hour_weekday_mean,reportable,1460,22.789109445339307,9254.369361115188,13202.614707355715,2.447313730116596,2.3757370087068272,-9.718564528656021,65.34246575342466,45.643511277162865,1.4266358076035066,12.86996782101379,4,6276.184336672728,15.497884036351945,3289.25,0,,,
hour_of_day,1,ridge_all,reportable,1460,18.163809627960074,6146.043160371064,8471.65970362649,1.6253182929423042,1.5244279962106675,-1.696636503719693,55.958904109589035,44.015170627059554,1.378392484818642,12.86996782101379,4,7934.187933021968,18.905845735079026,3289.25,0,,,
hour_of_day,1,per_zone_ridge,reportable,1460,26.607891855822054,6411.060172481057,8795.4998290667,1.6954019201612966,1.58270122374672,11.39988447212649,44.24657534246575,70.81666113011703,1.3719259517826168,12.86996782101379,4,5720.485242784522,14.247237299490367,3289.25,0,,,
hour_of_day,2,seasonal_naive,reportable,1460,13.023361397902843,3815.8513698630136,5598.301250110278,1.0,1.0,0.30170505262520003,41.3013698630137,39.08776531532871,1.467117219062768,13.023361397902843,0,,,,0,,,
hour_of_day,2,hour_weekday_mean,reportable,1460,22.461725318003072,9024.758823489785,12870.536941261418,2.365070844940632,2.2990075678774677,-8.779231915010795,63.561643835616444,44.65093297688826,1.4261363869095074,13.023361397902843,0,,,,0,,,
hour_of_day,2,ridge_all,reportable,1460,18.031954015616414,6044.925287781125,8294.53615941001,1.5841616200051665,1.4816166170490774,-1.6731455286800516,55.821917808219176,43.64026273401126,1.3721486642979894,13.023361397902843,0,,,,0,,,
hour_of_day,2,per_zone_ridge,reportable,1460,26.96090094988562,6357.62234172016,8679.271013741078,1.666108484185639,1.550340116757759,12.135854339844755,42.67123287671233,71.51491301042975,1.3651756186877808,13.023361397902843,0,,,,0,,,
hour_of_day,3,seasonal_naive,reportable,1460,13.12023812577125,3817.5260273972603,5624.4947886363325,1.0,1.0,0.38518504289674654,41.84931506849315,39.514441125776216,1.4733350207100069,13.12023812577125,1,8824.0,26.528771571162284,8824.0,0,,,
hour_of_day,3,hour_weekday_mean,reportable,1460,22.479815354059248,8946.341443895819,12763.552645440685,2.343491931604542,2.2692798420274167,-7.689708036536123,62.465753424657535,45.26344452719155,1.4266784612998857,13.12023812577125,1,2249.2631578947403,6.76226071160706,8824.0,0,,,
hour_of_day,3,ridge_all,reportable,1460,18.091988227705983,6005.85563507212,8154.526151545322,1.5732324002429485,1.4498237544855828,-1.0277258020810431,55.06849315068493,43.28217954730573,1.3577625982092725,13.12023812577125,1,1026.2602395330505,3.0853834391589516,8824.0,0,,,
hour_of_day,3,per_zone_ridge,reportable,1460,27.23824947826495,6400.179239030909,8761.68046664031,1.6765253709074168,1.5577719948007265,12.952043882083139,41.23287671232877,75.68744804015931,1.3689742332852182,13.12023812577125,1,2457.351156913872,7.387863498628682,8824.0,0,,,
hour_of_day,4,seasonal_naive,reportable,1460,13.038506334279097,3837.291095890411,5672.401558942245,1.0,1.0,0.5238801401811726,41.84931506849315,37.93679588543457,1.4782307146354277,13.038506334279097,1,4506.0,5.784338896020539,4506.0,0,,,
hour_of_day,4,hour_weekday_mean,reportable,1460,22.283263850745563,9131.532012025982,13227.38325580361,2.3796818598947302,2.3318841443711493,-6.822403964570693,62.6027397260274,46.9427092974171,1.4485393292586066,13.038506334279097,1,19356.81338028169,24.848284185213977,4506.0,0,,,
hour_of_day,4,ridge_all,reportable,1460,17.798009585890618,5980.358519098243,7948.002597219103,1.5584844541773164,1.4011706531406423,-0.03740612183287651,53.630136986301366,43.75818204039258,1.3290177456480576,13.038506334279097,1,1335.3123066858825,1.7141364655787965,4506.0,0,,,
hour_of_day,4,per_zone_ridge,reportable,1460,28.077952266860596,6538.493021091089,9191.025631622235,1.703934587629685,1.620305885631997,14.705140265737228,39.178082191780824,78.04296370331664,1.4056795047383126,13.038506334279097,1,1584.8986542600178,2.034529723055222,4506.0,0,,,
hour_of_day,5,seasonal_naive,reportable,1459,12.550698582009593,3806.0116518163127,5667.53697792628,1.0,1.0,0.6779461922928367,39.82179575051405,36.93206607272376,1.4891013208594899,12.550698582009593,15,6451.0,16.136813935908098,6451.0,0,,,
hour_of_day,5,hour_weekday_mean,reportable,1459,20.83081950026992,9215.751328782308,13726.114136247099,2.4213670823588647,2.421883472433806,-6.1975197293342905,62.78272789581906,42.63588182019636,1.4894188923455633,12.550698582009593,15,5699.7286247385255,13.933193921304783,6451.0,0,,,
hour_of_day,5,ridge_all,reportable,1459,16.731932404323754,5893.715276556836,7605.396556709739,1.5485279120846163,1.3419227058122363,0.5158562420353869,51.953392734749826,41.348084441481745,1.2904248338838797,12.550698582009593,15,6258.809410675182,14.919573782390094,6451.0,0,,,
hour_of_day,5,per_zone_ridge,reportable,1459,29.286163736161885,6579.516020845849,9803.67081185548,1.728716730992129,1.7297938857811541,17.449137483490176,36.18917066483893,83.59029244006663,1.4900291724793369,12.550698582009593,15,4856.051956690598,11.975587672473479,6451.0,0,,,
hour_of_day,6,seasonal_naive,reportable,1459,11.91431724011893,3808.627141877999,5647.0496695644315,1.0,1.0,0.8363062810847647,38.58807402330363,33.46805105231706,1.482699529043403,11.91431724011893,65,4048.646153846154,12.25261489662841,4048.646153846154,0,,,
hour_of_day,6,hour_weekday_mean,reportable,1459,19.28530241208299,9199.119572858532,13890.22968011731,2.415337398536348,2.4597321597825954,-5.906436561917708,61.82316655243317,40.96172859773135,1.509952074228889,11.91431724011893,65,6160.284447845802,13.906352094693688,4048.646153846154,0,,,
hour_of_day,6,ridge_all,reportable,1459,16.28544773759888,5899.800946921894,7584.830588324566,1.549062359518017,1.343149260613746,1.4281205162892918,48.183687457162435,42.72355726297519,1.2856078800898874,11.91431724011893,65,4878.079901767679,13.384168725198169,4048.646153846154,0,,,
hour_of_day,6,per_zone_ridge,reportable,1459,29.36068236957114,6635.376976289626,10216.893168528752,1.7421965262311772,1.8092444314053289,19.06358093616137,31.45990404386566,81.27187672801213,1.5397607709459544,11.91431724011893,65,5199.479315118418,15.171821208545198,4048.646153846154,0,,,
hour_of_day,7,seasonal_naive,reportable,1459,11.515467298886893,3748.207676490747,5520.358759176849,1.0,1.0,0.8447697653874301,38.3139136394791,33.33932244014172,1.4727995980055395,11.515467298886893,85,1996.835294117647,10.798880998976326,1996.835294117647,0,,,
hour_of_day,7,hour_weekday_mean,reportable,1459,19.08719879937219,8263.433789275883,12200.690091130777,2.2046360560822786,2.2101263021807744,-1.7699419227281807,57.710760795065106,41.85298452736012,1.4764673381862858,11.515467298886893,85,5139.60606860593,20.320250851636747,1996.835294117647,0,,,
hour_of_day,7,ridge_all,reportable,1459,18.849372169875416,6392.5830741092295,8876.204233351393,1.70550397039213,1.6079035114512994,9.340636508409554,35.02398903358465,51.34792634233138,1.3885160553174731,11.515467298886893,85,2670.1269933641497,20.092600970216147,1996.835294117647,0,,,
hour_of_day,7,per_zone_ridge,reportable,1459,29.424078906466473,7111.40340634345,10015.841928427295,1.8972810527407833,1.8143461983838123,22.13934288861827,24.400274160383827,81.16239147403151,1.4084198794703524,11.515467298886893,85,5195.206914807689,63.530106801384434,1996.835294117647,0,,,
hour_of_day,8,seasonal_naive,reportable,1459,11.420751248740832,3807.8492117888964,5547.276877346312,1.0,1.0,0.739886878431581,38.86223440712817,34.845608596012084,1.4568005634709067,11.420751248740832,39,6879.282051282052,10.332013435174872,6879.282051282052,0,,,
hour_of_day,8,hour_weekday_mean,reportable,1459,18.411866018039696,7674.632301192733,11131.593157156145,2.0154769462594486,2.006677042318688,-0.5446998568532555,55.92871830020562,45.170955932731474,1.4504399325328143,11.420751248740832,39,17686.602045381118,27.08201021770345,6879.282051282052,0,,,
hour_of_day,8,ridge_all,reportable,1459,21.768182658690012,7291.169917628926,10345.91338960529,1.9147738032944834,1.8650436274157154,14.688652707659111,27.62165867032214,67.85552682010876,1.4189647898056066,11.420751248740832,39,3970.3215574834867,10.84284588699848,6879.282051282052,0,,,
hour_of_day,8,per_zone_ridge,reportable,1459,27.8424650022692,7133.130262804691,9657.747671043679,1.87327014964797,1.7409889364786346,22.16677891818116,20.83618917066484,77.78247951387074,1.3539284038318302,11.420751248740832,39,15184.57881544827,55.8310236895418,6879.282051282052,0,,,
hour_of_day,9,seasonal_naive,reportable,1459,11.484013825662236,3980.5839616175463,5722.609280629997,1.0,1.0,0.7627169076286936,40.57573680603153,35.57833790137729,1.4376305928501412,11.484013825662236,100,4715.66,6.618434558976916,4715.66,0,,,
hour_of_day,9,hour_weekday_mean,reportable,1459,17.625375711593584,7396.561584013405,10567.606566203178,1.8581599220953866,1.8466412868641275,-0.8206590948725755,56.33995887594243,44.158841112090165,1.428718796723538,11.484013825662236,100,21502.092672202667,22.813786822855228,4715.66,0,,,
hour_of_day,9,ridge_all,reportable,1459,24.353065311620796,8255.095498859539,11420.005722194512,2.073840315506121,1.9955941708005782,17.647953977380542,25.77107607950651,79.20523429623441,1.3833886868749383,11.484013825662236,100,3636.619750472812,5.246450759705356,4715.66,0,,,
hour_of_day,9,per_zone_ridge,reportable,1459,26.44136417745543,6853.332179623197,9135.012063371314,1.7216901453922062,1.5963018992562863,21.657067324705057,19.12268677176148,73.2927818655235,1.3329300001730788,11.484013825662236,100,15302.83041169018,20.62562060964084,4715.66,0,,,
hour_of_day,10,seasonal_naive,reportable,1459,11.588290466374463,4072.9568197395474,5850.919569559859,1.0,1.0,0.7567202508618076,39.68471555860178,35.49269926240031,1.4365287501216393,11.588290466374463,192,4339.265625,8.254181676814829,4339.265625,0,,,
hour_of_day,10,hour_weekday_mean,reportable,1459,17.1457082060618,6982.309989703606,9845.079894717146,1.7143098487722495,1.6826551412426525,-0.39027001706459596,55.860178204249486,45.8215325535971,1.4100032667176186,11.588290466374463,192,6783.545198002156,11.895372679249148,4339.265625,0,,,
hour_of_day,10,ridge_all,reportable,1459,26.851621410002668,9080.486729998103,12173.20534791978,2.229458138615565,2.080562756537007,20.486785783502206,25.154215215901303,86.55789848978397,1.3405895201305276,11.588290466374463,192,6194.558100261467,11.782434214384637,4339.265625,0,,,
hour_of_day,10,per_zone_ridge,reportable,1459,26.19734365647832,6601.3267992074025,8709.871512336631,1.6207701410469497,1.4886329249253103,22.3958314596819,16.449623029472242,73.68710632656267,1.3194122601811493,11.588290466374463,192,8952.274581462674,18.31870628492906,4339.265625,0,,,
hour_of_day,11,seasonal_naive,reportable,1459,11.559008663136241,4008.9088416723785,5703.955298560646,1.0,1.0,0.7032620150674573,40.918437285812196,35.12043005271697,1.4228199053239516,11.559008663136241,193,4755.79274611399,8.33772498194077,4755.79274611399,0,,,
hour_of_day,11,hour_weekday_mean,reportable,1459,16.893099657610904,6502.550496915988,8558.908863693743,1.6220250331766959,1.500521728466828,-0.19335123110766655,53.87251542152159,44.77746810322338,1.3162387385923475,11.559008663136241,193,9322.441376578563,15.27710953806298,4755.79274611399,0,,,
hour_of_day,11,ridge_all,reportable,1459,27.433235887700672,9236.95661048441,12044.174888652662,2.304107420569601,2.1115479098673733,20.683373935374732,25.291295407813568,87.93139534321223,1.3039116016829524,11.559008663136241,193,7673.765677381161,13.01980519061668,4755.79274611399,0,,,
hour_of_day,11,per_zone_ridge,reportable,1459,25.883992119606003,6602.980293609916,9270.013391704602,1.64707668704569,1.6251903997290837,22.047269516381196,19.259766963673748,70.64353486963427,1.4039135329050925,11.559008663136241,193,4913.229653076651,9.083595264351525,4755.79274611399,0,,,
hour_of_day,12,seasonal_naive,reportable,1459,11.67484089081928,3985.0411240575736,5713.081598243079,1.0,1.0,0.6657369237978256,40.43865661411926,34.83294994097922,1.4336317795451035,11.67484089081928,42,6048.952380952381,10.264192692464084,6048.952380952381,0,,,
hour_of_day,12,hour_weekday_mean,reportable,1459,17.460226228050164,6649.898207254278,8935.12909304216,1.6687150772696024,1.5639771530289266,-0.5097155167619282,53.598355037697054,45.42939645177699,1.343649002520814,11.67484089081928,42,10456.915298780008,16.852397860388603,6048.952380952381,0,,,
hour_of_day,12,ridge_all,reportable,1459,26.98819409445752,9079.148733131311,11674.677452072256,2.27830741276941,2.043499160884123,19.683238801788864,25.565455791638108,83.99673886524425,1.285877982092025,11.67484089081928,42,7873.327014277354,12.854761025641919,6048.952380952381,0,,,
hour_of_day,12,per_zone_ridge,reportable,1459,26.73214234891607,7175.675019563368,9796.161683074677,1.8006526899419013,1.7146896144608283,21.741644147682752,22.7553118574366,69.26178323170532,1.3651902652178307,11.67484089081928,42,6457.1328156574,11.153637489212846,6048.952380952381,0,,,
hour_of_day,13,seasonal_naive,reportable,1459,11.905827488509551,4047.442769019877,5795.865715494912,1.0,1.0,0.6722695612904201,40.57573680603153,35.357567472097344,1.4319821295208657,11.905827488509551,16,7924.4375,11.852356800813986,7924.4375,0,,,
hour_of_day,13,hour_weekday_mean,reportable,1459,17.15272584967014,6338.386823032029,8410.489124344842,1.5660225937096879,1.4511187003280432,0.3424464732070318,50.71967100753941,43.62546373357503,1.3269131971850219,11.905827488509551,16,15344.878552810267,23.50979691820126,7924.4375,0,,,
hour_of_day,13,ridge_all,reportable,1459,26.92685214095461,9172.678373865561,11694.945856010192,2.2662898272646372,2.0178082844025234,20.05213934497941,23.71487320082248,80.874584317066,1.2749761170446112,11.905827488509551,16,11817.146397422584,18.44575388877551,7924.4375,0,,,
hour_of_day,13,per_zone_ridge,reportable,1459,27.129811091288072,7295.060183440929,9983.1838478642,1.8023874826048476,1.7224663817132158,22.631291901601735,21.727210418094586,69.22825219683257,1.3684854678135554,11.905827488509551,16,6410.697286121009,10.010789481894214,7924.4375,0,,,
hour_of_day,14,seasonal_naive,reportable,1459,11.687812669726846,4071.7272104180947,5838.48267560954,1.0,1.0,0.5324054377175462,41.32967786154901,34.551755223374215,1.4339081116905252,11.687812669726846,85,6924.988235294118,10.983047455134367,6924.988235294118,0,,,
hour_of_day,14,hour_weekday_mean,reportable,1459,17.174315072302353,6885.978738069063,9387.598590748801,1.6911689762640054,1.6078832656241,-2.2291846200237555,54.283755997258396,40.252291720591025,1.3632918351678256,11.687812669726846,85,14201.537153292162,22.512521980498853,6924.988235294118,0,,,
hour_of_day,14,ridge_all,reportable,1459,23.575654745911404,8352.02479538285,10673.710974085685,2.051224054011527,1.8281652215352928,16.128960616123205,25.085675119945165,71.00070813893728,1.2779788417278533,11.687812669726846,85,9646.344517819143,15.450982127980083,6924.988235294118,0,,,
hour_of_day,14,per_zone_ridge,reportable,1459,27.450336194883953,7368.254988806933,9946.700186460152,1.8096141042931861,1.7036447205731775,21.459262655082114,25.976696367374913,70.0553229556295,1.3499397349263993,11.687812669726846,85,6801.588721918778,10.436187831735047,6924.988235294118,0,,,
hour_of_day,15,seasonal_naive,reportable,1459,11.644996221349686,4038.938999314599,5780.577022716556,1.0,1.0,0.503497051178186,42.15215901302262,34.654203615566125,1.4312117671738815,11.644996221349686,11,6846.0,7.832689650213535,6846.0,0,,,
hour_of_day,15,hour_weekday_mean,reportable,1459,16.8762269490924,7006.3053412184545,9571.68284765961,1.7346895663458677,1.6558351891246732,-2.974164690620765,55.174777244688144,37.395766785987185,1.3661526841185334,11.644996221349686,11,7630.9218618782,10.176763586631013,6846.0,0,,,
hour_of_day,15,ridge_all,reportable,1459,20.332625402559778,7314.083553552587,9503.655342147045,1.8108923048339611,1.6440668993423162,12.64426245969854,26.525017135023987,57.861675659817756,1.2993637921364656,11.644996221349686,11,7819.52158769656,10.371396171343093,6846.0,0,,,
hour_of_day,15,per_zone_ridge,reportable,1459,28.87646348063809,7337.310623349439,9918.247398629213,1.8166430898299202,1.7157884688072504,21.85340918003506,27.553118574366003,75.17554910344045,1.3517551467790514,11.644996221349686,11,13525.35643416221,16.240556809573967,6846.0,0,,,
hour_of_day,16,seasonal_naive,reportable,1459,11.139595352383267,3797.006168608636,5434.622078525313,1.0,1.0,0.5694944488340754,40.09595613433859,32.291827491347284,1.431291348287896,11.139595352383267,2,2074.5,4.75190859394581,2074.5,0,,,
hour_of_day,16,hour_weekday_mean,reportable,1459,16.258721009999388,6883.5495297346615,9411.946325377232,1.8128886875780479,1.7318492784563906,-3.4406103055990083,55.997258396161754,36.76291556267471,1.3673100316516547,11.139595352383267,2,9612.278928018575,14.866617196640295,2074.5,0,,,
hour_of_day,16,ridge_all,reportable,1459,17.204742191257633,6178.252904317562,8144.645468821927,1.6271379686964014,1.498659032981366,8.324111418856713,32.96778615490062,48.00853444629463,1.318276476369264,11.139595352383267,2,6027.055499227052,8.777289621587975,2074.5,0,,,
hour_of_day,16,per_zone_ridge,reportable,1459,31.048833529669604,7094.75957231246,9646.215174556788,1.868514102233403,1.7749560199730197,23.13234553734569,29.81494174091844,90.00079882317944,1.3596253793012902,11.139595352383267,2,6140.950371077717,11.080121761401184,2074.5,0,,,
hour_of_day,17,seasonal_naive,reportable,1459,10.63447962360842,3568.726525017135,5143.585982904988,1.0,1.0,0.6711040684129979,38.03975325565456,30.366047855651278,1.4412945197251537,10.63447962360842,67,4072.313432835821,13.662197342815759,4072.313432835821,1459,995.373543522961,995.373543522961,1.0
hour_of_day,17,hour_weekday_mean,reportable,1459,16.854299138935176,7052.170941824419,9502.069749762284,1.9761029298232815,1.8473628673347688,-5.070548462918698,58.46470185058259,37.49693178516773,1.3473964014979007,10.63447962360842,67,3969.7320636921672,11.575045765217094,4072.313432835821,1459,1754.2798498127506,995.373543522961,1.762433672492204
hour_of_day,17,ridge_all,reportable,1459,15.542583217883507,5578.2196387560225,7116.460720275906,1.5630840860604298,1.3835601745412411,2.2810337903498015,46.470185058259084,42.57189527076463,1.2757584285194838,10.63447962360842,67,4150.642246705154,16.061906364056313,4072.313432835821,1459,2636.6130883353385,995.373543522961,2.648867960668796
hour_of_day,17,per_zone_ridge,reportable,1459,32.132795948652245,6764.1868839766485,9421.820281999173,1.89540634076582,1.8317610152358976,22.40951904250357,35.77793008910212,101.52249870593188,1.3928976894943665,10.63447962360842,67,6227.869020631607,55.59470117775916,4072.313432835821,1459,2029.3475852837196,995.373543522961,2.038779911811979
hour_of_day,18,seasonal_naive,reportable,1459,10.444166667829993,3499.1309115832764,5049.418635501079,1.0,1.0,0.2302497654530831,38.65661411925977,30.050386748178695,1.4430493637108115,10.444166667829993,89,1652.4157303370787,15.843388850218009,1652.4157303370787,1459,807.2227553118574,807.2227553118574,1.0
hour_of_day,18,hour_weekday_mean,reportable,1459,18.905005253931794,8347.341821228507,11312.278433451576,2.385547163610271,2.24031304394491,-11.205535301809903,67.10075394105552,43.163614524502755,1.3551953035735045,10.444166667829993,89,1944.8407140828053,11.998598483783223,1652.4157303370787,1459,2330.4186740353,807.2227553118574,2.886958598107136
hour_of_day,18,ridge_all,reportable,1459,16.110672367719783,6079.264281314308,7853.897060823598,1.7373640583694483,1.55540620173677,-5.763938420948991,61.20630568882797,37.03630682050122,1.2919157150255725,10.444166667829993,89,2243.4676762488557,21.242853270049746,1652.4157303370787,1459,3066.7791972011614,807.2227553118574,3.7991733719354346
hour_of_day,18,per_zone_ridge,reportable,1459,30.837554910800964,7081.351659784641,9715.54358466077,2.0237458496745675,1.9240915214186134,15.421205787214312,44.688142563399595,86.27738519815675,1.3719899888372782,10.444166667829993,89,4779.6862150692805,101.75329295785941,1652.4157303370787,1459,2414.912237432777,807.2227553118574,2.9916305276847837
hour_of_day,19,seasonal_naive,reportable,1459,10.669035444062013,3508.686086360521,5101.633240680147,1.0,1.0,-0.2519255419309028,40.849897189856065,30.91240450324249,1.4540010462925035,10.669035444062013,133,2388.6992481203006,9.39984667343407,2388.6992481203006,1459,641.5867032213845,641.5867032213845,1.0
hour_of_day,19,hour_weekday_mean,reportable,1459,19.564708229087273,8640.36790858628,12407.264707468992,2.462565101555932,2.432018164013465,-14.449887050817388,69.70527758738862,48.453838657388175,1.4359648615355134,10.669035444062013,133,3933.50272809602,13.08252201861637,2388.6992481203006,1459,1657.961945905278,641.5867032213845,2.5841588324394955
hour_of_day,19,ridge_all,reportable,1459,17.628973625372957,6755.029789922201,9186.891672615862,1.9252305916398003,1.8007746224013297,-8.340985363035589,65.72995202193283,41.31489021253684,1.360007573367292,10.669035444062013,133,3646.8229750264795,14.834984452310408,2388.6992481203006,1459,2086.6735454578575,641.5867032213845,3.2523640764073543
hour_of_day,19,per_zone_ridge,reportable,1459,28.76036953834476,7164.332574486814,10088.68586288976,2.0418847392296104,1.9775404045988898,10.831328955710749,46.05894448252227,67.65150676722611,1.4081822358187246,10.669035444062013,133,6511.920477979884,13.982287107032205,2388.6992481203006,1459,1820.6052234808853,641.5867032213845,2.8376604663714033
hour_of_day,20,seasonal_naive,reportable,1459,11.119810132713281,3546.253598355038,5184.695113783682,1.0,1.0,-0.3988205494584443,41.19259766963674,31.536190090971306,1.462020402654974,11.119810132713281,42,3836.595238095238,7.10434094150768,3836.595238095238,1459,517.4098697738177,517.4098697738177,1.0
hour_of_day,20,hour_weekday_mean,reportable,1459,19.88449039297974,8408.16328672408,12531.212149517847,2.3709988734658696,2.4169622079036444,-14.694013289428858,69.01987662782729,51.28643260516306,1.490362606219099,11.119810132713281,42,8051.04358025151,15.245073046602897,3836.595238095238,1459,1049.8171699111579,517.4098697738177,2.0289855900315135
hour_of_day,20,ridge_all,reportable,1459,18.34873687427974,6940.62581621363,9749.215662530833,1.9571713143789555,1.8803835999174228,-7.796385617703641,65.2501713502399,43.900775679308985,1.4046594530072785,11.119810132713281,42,8977.365671999132,16.157346614654234,3836.595238095238,1459,1165.6463852953907,517.4098697738177,2.2528491499494305
hour_of_day,20,per_zone_ridge,reportable,1459,27.91362811598211,7118.497508702452,10254.373692205154,2.007328949064566,1.977816142928745,9.487168316150008,45.85332419465387,59.32491897332343,1.4405250096202258,11.119810132713281,42,7415.1844168365915,12.879089400166265,3836.595238095238,1459,1203.230324157116,517.4098697738177,2.3254877698469496
hour_of_day,21,seasonal_naive,reportable,1459,11.469977062190917,3613.4969156956818,5280.2233908129565,1.0,1.0,-0.4603176753606987,41.67237834132968,32.50016374617065,1.4612502830368104,11.469977062190917,69,2245.2753623188405,6.609681761353987,2245.2753623188405,1459,462.76901987662785,462.76901987662785,1.0
hour_of_day,21,hour_weekday_mean,reportable,1459,20.106931291579404,8220.505945963238,12490.519519949874,2.274944780015289,2.3655286141268355,-14.303988012009427,67.99177518848526,51.384233839899224,1.5194344000302644,11.469977062190917,69,4205.27315504534,14.344740028362098,2245.2753623188405,1459,894.0015251708998,462.76901987662785,1.9318525803849975
hour_of_day,21,ridge_all,reportable,1459,18.613295735443256,6827.005342641408,9654.830980702782,1.8893070900344329,1.8284891123169504,-7.009554787432725,63.19396847155586,44.50374065972632,1.4142117218509853,11.469977062190917,69,4410.863597444172,14.614200024295355,2245.2753623188405,1459,892.0350277746177,462.76901987662785,1.9276031658567598
hour_of_day,21,per_zone_ridge,reportable,1459,27.580432332249334,7135.520841478814,10248.55627184431,1.9746857429114646,1.9409323267791545,8.990072981018018,45.03084304318026,60.455156679953205,1.4362730485305863,11.469977062190917,69,5488.376215174907,12.736516015832658,2245.2753623188405,1459,986.4320720341436,462.76901987662785,2.131586233445623
hour_of_day,22,seasonal_naive,reportable,1459,11.678722611133743,3671.069225496916,5307.818183693241,1.0,1.0,-0.4513366514600427,42.35777930089102,33.16238923109423,1.4458507474684776,11.678722611133743,93,3546.483870967742,12.608923297998222,3546.483870967742,0,,,
hour_of_day,22,hour_weekday_mean,reportable,1459,20.35836781588542,8141.117341374647,12320.10047976593,2.2176420114422295,2.3211233040377923,-13.755776093596173,67.44345442083619,49.82377145502515,1.513318131057137,11.678722611133743,93,5266.857893226944,17.071684037603475,3546.483870967742,0,,,
hour_of_day,22,ridge_all,reportable,1459,18.508756420602023,6688.850059082598,9452.585914682815,1.8220441098266664,1.780879748994265,-6.746462980713141,63.74228923920493,44.550961735670306,1.413185499927214,11.678722611133743,93,5819.692722261005,17.185157720779998,3546.483870967742,0,,,
hour_of_day,22,per_zone_ridge,reportable,1459,27.568682597668573,7199.513982658256,10155.167026361332,1.9611490659601305,1.9132469641782734,8.74402416044293,44.41398217957505,64.39088952149771,1.4105350792876394,11.678722611133743,93,4172.666718836577,13.120257549695719,3546.483870967742,0,,,
hour_of_day,23,seasonal_naive,reportable,1471,12.07891832930168,3677.569680489463,5380.35981443944,1.0,1.0,-0.20898016561670482,41.5363698164514,36.787429842529775,1.4630204950252217,12.07891832930168,53,4004.7169811320755,12.02129199765533,4004.7169811320755,0,,,
hour_of_day,23,hour_weekday_mean,reportable,1471,22.78190108941654,9650.175207677208,13610.876559967399,2.624063184682561,2.5297335177174327,-11.300163528997418,69.68048946295038,46.18266073323436,1.4104279214681252,12.07891832930168,53,8193.945855849546,21.035141846434357,4004.7169811320755,0,,,
hour_of_day,23,ridge_all,reportable,1471,18.361560337319375,6315.2012383075735,8734.2513725878,1.717221368180047,1.623358227668606,-2.2299294203485767,56.62814411964649,48.10514442369924,1.3830519476729317,12.07891832930168,53,6755.293259765864,18.969991638675417,4004.7169811320755,0,,,
hour_of_day,23,per_zone_ridge,reportable,1471,27.082181637963785,6357.492102066887,8548.701115757847,1.7287210452585475,1.5888716388103694,11.45272100574631,45.81917063222298,78.34888427778904,1.3446656289165622,12.07891832930168,53,5879.890296572972,15.869812101196633,4004.7169811320755,0,,,
zone,IN-NO,seasonal_naive,reportable,6675,12.823810025879771,5615.889588014981,7233.640892168613,1.0,1.0,-0.0862870283005116,45.438202247191015,32.936069563438195,1.2880667931232335,12.823810025879771,278,6013.63309352518,9.959826690163135,6013.63309352518,1390,960.0122302158273,960.0122302158273,1.0
zone,IN-NO,hour_weekday_mean,reportable,6675,25.969603945683595,12307.598651756336,14947.954837770094,2.1915670632168958,2.066449670449256,-9.37123975747212,67.1760299625468,55.58963265777196,1.2145305725936204,12.823810025879771,278,11816.089618126409,18.5896509657689,6013.63309352518,1390,1966.4924013348939,960.0122302158273,2.048403488456384
zone,IN-NO,ridge_all,reportable,6675,19.572010109617683,8050.452209873465,9602.786318983472,1.4335132633401748,1.327517699887449,3.6719753380358755,52.58426966292134,56.655526456976375,1.1928257032823757,12.823810025879771,278,8528.885939486221,13.606406978496972,6013.63309352518,1390,1897.091303786515,960.0122302158273,1.9761115994949525
zone,IN-NO,per_zone_ridge,reportable,6675,17.404519511991694,7645.172793401784,9700.80596409777,1.3613467062667237,1.3410682267349203,-0.3838411812214198,51.77528089887641,43.55532298814788,1.2688798835874728,12.823810025879771,278,6244.101134527799,10.59115507623234,6013.63309352518,1390,2082.6246333420017,960.0122302158273,2.1693730223351335
zone,IN-WE,seasonal_naive,reportable,6674,6.782224056270896,5663.4704824692835,7474.062572044475,1.0,1.0,0.4473923282780987,34.282289481570274,19.384105912717324,1.3196965703590584,6.782224056270896,278,6262.345323741008,6.759449129437585,6262.345323741008,1390,1111.8345323741007,1111.8345323741007,1.0
zone,IN-WE,hour_weekday_mean,reportable,6674,16.53826830348169,14364.692800347382,17853.5031097847,2.53637638702486,2.388728076289172,-12.608350057838738,73.91369493557087,37.19920605998735,1.2428739937517457,6.782224056270896,278,18230.904484935407,18.741508090595794,6262.345323741008,1390,1930.6143382707348,1111.8345323741007,1.7364223560751377
zone,IN-WE,ridge_all,reportable,6674,14.158301599386537,11689.34013283402,14085.310111998419,2.063988886146264,1.8845587625506703,2.74445926459177,40.35061432424333,33.879665833353634,1.2049705074826587,6.782224056270896,278,8397.124651953334,8.808945617353997,6262.345323741008,1390,3728.057935860158,1111.8345323741007,3.353069028985486
zone,IN-WE,per_zone_ridge,reportable,6674,15.715189601930943,13046.642525511093,15556.15417300431,2.303648013333113,2.0813518783197766,4.209432487687627,32.484267305963435,34.2926689939774,1.1923492302779184,6.782224056270896,278,15600.6529281436,17.09221498110686,6262.345323741008,1390,2106.0746505401257,1111.8345323741007,1.8942338893207642
zone,IN-SO,seasonal_naive,reportable,6674,9.660739032852957,3777.876835480971,4895.4723939721935,1.0,1.0,-0.23987602142425815,42.25352112676056,27.00526846395397,1.2958263615147578,9.660739032852957,278,4150.438848920863,8.391093630682521,4150.438848920863,1390,803.8625899280576,803.8625899280576,1.0
zone,IN-SO,hour_weekday_mean,reportable,6674,19.75085115965873,8703.969006285024,11012.182562248217,2.3039313840354194,2.2494627026816745,-12.784442042322329,68.11507341923884,43.80464809117622,1.2651909208656948,9.660739032852957,278,6962.787961176327,13.577651785352998,4150.438848920863,1390,2785.935444673819,803.8625899280576,3.4656861503197316
zone,IN-SO,ridge_all,reportable,6674,16.650144214611224,6745.29283969334,7959.809772854336,1.7854718757221157,1.6259533569539208,0.8907865756361384,47.69253820797123,35.157855917914134,1.1800539964720362,9.660739032852957,278,6645.309787821018,13.058568624295928,4150.438848920863,1390,2010.714261857778,803.8625899280576,2.5013158804140008
zone,IN-SO,per_zone_ridge,reportable,6674,19.990672928450444,7996.551908373828,9606.543726113154,2.116678826919927,1.962332325260727,3.8102229805816856,42.433323344321245,47.226661615643046,1.2013357552338746,9.660739032852957,278,8098.586954610802,17.24167945869028,4150.438848920863,1390,2909.732134163981,803.8625899280576,3.6196884525057826
zone,IN-EA,seasonal_naive,reportable,8577,10.281930282489002,3447.1534336014925,4678.151767077684,1.0,1.0,1.646456316060436,35.54856010259997,29.409115094536865,1.3571057561514104,10.281930282489002,357,3263.436974789916,8.479827464149414,3263.436974789916,1785,476.61344537815125,476.61344537815125,1.0
zone,IN-EA,hour_weekday_mean,reportable,8577,16.076156725188962,4987.086547176733,5895.794810742684,1.4467260141555,1.2602829288767665,8.033303219163844,33.60149236329719,42.77538116600921,1.1822122505735106,10.281930282489002,357,4270.1376031120635,10.716896254110688,3263.436974789916,1785,934.954321278749,476.61344537815125,1.9616616575660055
zone,IN-EA,ridge_all,reportable,8577,24.908149214882247,7475.938295444973,9597.623304152648,2.1687280358838903,2.051584425220139,16.096994774099663,30.779993004547045,80.13604196310098,1.283801835282723,10.281930282489002,357,3851.0331295601427,9.616368171409082,3263.436974789916,1785,1916.8974680152749,476.61344537815125,4.02191227839656
zone,IN-EA,per_zone_ridge,reportable,8577,13.56047379082288,4209.2071066217295,5239.88997288977,1.221067523595567,1.1200769521342377,7.576534511837961,27.771948233648132,39.030343977648926,1.244863899580189,10.281930282489002,357,3311.0345060945965,8.353163953066126,3263.436974789916,1785,966.8662092340717,476.61344537815125,2.028617150040632
zone,IN-NE,seasonal_naive,reportable,6433,20.126358445689185,495.6085807554796,692.9397054658949,1.0,1.0,-0.2713812638582933,46.96098243432302,69.8600778413334,1.3981592175212427,20.126358445689185,268,599.8507462686567,18.02660938444216,599.8507462686567,1340,110.56194029850747,110.56194029850747,1.0
zone,IN-NE,hour_weekday_mean,reportable,6433,19.650176034149045,515.6903822999285,645.840375610297,1.0405194791297547,0.932029685289962,-9.2469986221564,70.40261153427639,48.198415120881435,1.2523801059269561,20.126358445689185,268,787.2099031210795,22.175552109894486,599.8507462686567,1340,191.23209094315547,110.56194029850747,1.7296376169488863
zone,IN-NE,ridge_all,reportable,6433,23.56402539299963,602.1137449123908,744.72934033178,1.214897740459942,1.0747390205199232,-1.7516790140511875,56.02362816726255,53.19579393393071,1.2368582292373016,20.126358445689185,268,1049.557615439103,29.348375769303402,599.8507462686567,1340,248.02312059063897,110.56194029850747,2.2432956578095364
zone,IN-NE,per_zone_ridge,reportable,6433,79.64983422931479,2024.7396578886444,4022.1652622652323,4.085360376130369,5.804495298131238,74.58763249357585,16.539717083786726,360.39719595994285,1.9865098441640943,20.126358445689185,268,2691.562547152086,79.7799013296932,599.8507462686567,1340,554.0893163269546,110.56194029850747,5.011573737137414
day_type,holiday,seasonal_naive,reportable,1896,12.522868930021623,3632.0290084388184,5019.893483003021,1.0,1.0,3.468388067716148,40.664556962025316,39.38503205034599,1.3821182240944596,12.522868930021623,79,4313.658227848101,11.13592246561568,4313.658227848101,395,697.2227848101265,697.2227848101265,1.0
day_type,holiday,hour_weekday_mean,reportable,1896,20.39355976803652,8475.168434114003,12281.028588809213,2.3334528480974184,2.446471948138311,-4.839287469184284,59.86286919831224,44.78915051407054,1.4490601200769029,12.522868930021623,79,10041.151150451728,18.525071057053673,4313.658227848101,395,1436.0823320737736,697.2227848101265,2.05971801748398
day_type,holiday,ridge_all,reportable,1896,21.047059681146234,7390.873062026355,10109.616564143385,2.03491575779105,2.0139105736752745,4.651572265958988,45.88607594936709,59.11319209559022,1.36785146751954,12.522868930021623,79,7061.859856639511,16.330914488273848,4313.658227848101,395,1887.8945986188132,697.2227848101265,2.7077350880507156
day_type,holiday,per_zone_ridge,reportable,1896,54.52817450194968,7518.250872468295,10703.95298616263,2.0699864607358736,2.132306795434087,42.59288416950569,36.81434599156118,260.7762186474681,1.4237291582488052,12.522868930021623,79,8987.79137165363,48.316392810575515,4313.658227848101,395,1652.5583560724588,697.2227848101265,2.3702013073518486
day_type,weekday,seasonal_naive,reportable,23369,11.877453398548823,3880.7359322178954,5681.239018092125,1.0,1.0,0.17629994591248171,40.776242030039796,34.86913361120584,1.4639591864332846,11.877453398548823,973,4112.166495375129,10.306659150126729,4112.166495375129,4865,688.4795477903392,688.4795477903392,1.0
day_type,weekday,hour_weekday_mean,reportable,23369,19.495501721399574,8160.468797504633,11735.021154763808,2.1028147598903515,2.0655742730402964,-6.744837051245164,61.43181137404253,45.694559478841065,1.4380327216436668,11.877453398548823,973,8095.085158638857,16.189451214079938,4112.166495375129,4865,1535.6798588286779,688.4795477903392,2.2305380947878706
day_type,weekday,ridge_all,reportable,23369,19.844957437034402,6976.491582030961,9455.631287839535,1.7977238605987285,1.664360759638472,4.860930659240997,44.785827378150536,57.56670104441131,1.3553562240645405,11.877453398548823,973,5515.991454519174,14.399183074031857,4112.166495375129,4865,1951.3833325379164,688.4795477903392,2.834337401598698
day_type,weekday,per_zone_ridge,reportable,23369,25.90209717516178,6831.334419537274,9490.26160386678,1.7603193154224923,1.6704563165965516,14.768640383536196,33.89105224870555,74.06479239607202,1.3892251529547592,11.877453398548823,973,6827.757215481594,22.560299555944965,4112.166495375129,4865,1666.753323056238,688.4795477903392,2.4209191520730693
day_type,weekend,seasonal_naive,reportable,9768,11.434549501594834,3652.421683046683,5265.190795140688,1.0,1.0,0.25479533764004636,40.03890253890254,33.297811107463275,1.4415615862702653,11.434549501594834,407,3809.4201474201473,9.658464862539642,3809.4201474201473,2035,673.8515970515971,673.8515970515971,1.0
day_type,weekend,hour_weekday_mean,reportable,9768,18.998658809017186,7722.587301642358,11197.887510641727,2.1143745086959758,2.1267771570550495,-5.713906039214124,60.22727272727273,44.70535100333435,1.4500176007411762,11.434549501594834,407,8241.6756559321,16.476198273611153,3809.4201474201473,2035,1560.8049469897642,673.8515970515971,2.316244338989454
day_type,weekend,ridge_all,reportable,9768,20.251972820640923,6932.565759062492,9453.37635168911,1.898073760552112,1.7954480130926596,5.441540705064593,43.959868959868956,59.571326277083166,1.36361870629663,11.434549501594834,407,5611.7462400575205,14.397078297200402,3809.4201474201473,2035,2028.8279851786315,673.8515970515971,3.010793465587473
day_type,weekend,per_zone_ridge,reportable,9768,28.099931800709218,6828.958836612476,9473.977902423312,1.869707122896081,1.7993607964153868,17.391764080829642,33.619983619983614,72.84551376120103,1.3873239140979952,11.434549501594834,407,7061.876155019054,27.233637231176083,3809.4201474201473,2035,1756.0884870406917,673.8515970515971,2.606046338280367
lead_time_hours,14.5,seasonal_naive,reportable,1460,12.694238422648935,3777.4842465753422,5571.111465002244,1.0,1.0,0.17479579935221148,41.43835616438356,37.10676046086328,1.474820568756309,12.694238422648935,62,3236.6774193548385,12.418770383214953,3236.6774193548385,0,,,
lead_time_hours,14.5,hour_weekday_mean,reportable,1460,23.02382670014992,9497.55742327115,13569.606078723422,2.5142546740946994,2.43570895394353,-10.029930508841998,66.71232876712328,46.03279802084813,1.428746937130892,12.694238422648935,62,9731.504038797297,21.97962712309595,3236.6774193548385,0,,,
lead_time_hours,14.5,ridge_all,reportable,1460,18.083242572415106,6181.376336033148,8541.552464514762,1.6363738225082387,1.5331864239609716,-1.2266430753424673,55.06849315068493,45.37514177340739,1.3818204878941636,12.694238422648935,62,5916.164550747669,16.856390638780372,3236.6774193548385,0,,,
lead_time_hours,14.5,per_zone_ridge,reportable,1460,27.11652259890855,6517.627960743952,8996.49065669907,1.725388521911856,1.6148466447341934,11.936031965684,44.726027397260275,74.1137529063913,1.3803320335075047,12.694238422648935,62,5599.875795984947,14.05841016345565,3236.6774193548385,0,,,
lead_time_hours,15.5,seasonal_naive,reportable,1460,12.86996782101379,3781.4397260273972,5557.271136901734,1.0,1.0,0.2569564105365846,41.43835616438356,38.21228408913484,1.469617801561508,12.86996782101379,4,3289.25,7.977331831201336,3289.25,0,,,
lead_time_hours,15.5,hour_weekday_mean,reportable,1460,22.789109445339307,9254.369361115188,13202.614707355715,2.447313730116596,2.3757370087068272,-9.718564528656021,65.34246575342466,45.643511277162865,1.4266358076035066,12.86996782101379,4,6276.184336672728,15.497884036351945,3289.25,0,,,
lead_time_hours,15.5,ridge_all,reportable,1460,18.163809627960074,6146.043160371064,8471.65970362649,1.6253182929423042,1.5244279962106675,-1.696636503719693,55.958904109589035,44.015170627059554,1.378392484818642,12.86996782101379,4,7934.187933021968,18.905845735079026,3289.25,0,,,
lead_time_hours,15.5,per_zone_ridge,reportable,1460,26.607891855822054,6411.060172481057,8795.4998290667,1.6954019201612966,1.58270122374672,11.39988447212649,44.24657534246575,70.81666113011703,1.3719259517826168,12.86996782101379,4,5720.485242784522,14.247237299490367,3289.25,0,,,
lead_time_hours,16.5,seasonal_naive,reportable,1460,13.023361397902843,3815.8513698630136,5598.301250110278,1.0,1.0,0.30170505262520003,41.3013698630137,39.08776531532871,1.467117219062768,13.023361397902843,0,,,,0,,,
lead_time_hours,16.5,hour_weekday_mean,reportable,1460,22.461725318003072,9024.758823489785,12870.536941261418,2.365070844940632,2.2990075678774677,-8.779231915010795,63.561643835616444,44.65093297688826,1.4261363869095074,13.023361397902843,0,,,,0,,,
lead_time_hours,16.5,ridge_all,reportable,1460,18.031954015616414,6044.925287781125,8294.53615941001,1.5841616200051665,1.4816166170490774,-1.6731455286800516,55.821917808219176,43.64026273401126,1.3721486642979894,13.023361397902843,0,,,,0,,,
lead_time_hours,16.5,per_zone_ridge,reportable,1460,26.96090094988562,6357.62234172016,8679.271013741078,1.666108484185639,1.550340116757759,12.135854339844755,42.67123287671233,71.51491301042975,1.3651756186877808,13.023361397902843,0,,,,0,,,
lead_time_hours,17.5,seasonal_naive,reportable,1460,13.12023812577125,3817.5260273972603,5624.4947886363325,1.0,1.0,0.38518504289674654,41.84931506849315,39.514441125776216,1.4733350207100069,13.12023812577125,1,8824.0,26.528771571162284,8824.0,0,,,
lead_time_hours,17.5,hour_weekday_mean,reportable,1460,22.479815354059248,8946.341443895819,12763.552645440685,2.343491931604542,2.2692798420274167,-7.689708036536123,62.465753424657535,45.26344452719155,1.4266784612998857,13.12023812577125,1,2249.2631578947403,6.76226071160706,8824.0,0,,,
lead_time_hours,17.5,ridge_all,reportable,1460,18.091988227705983,6005.85563507212,8154.526151545322,1.5732324002429485,1.4498237544855828,-1.0277258020810431,55.06849315068493,43.28217954730573,1.3577625982092725,13.12023812577125,1,1026.2602395330505,3.0853834391589516,8824.0,0,,,
lead_time_hours,17.5,per_zone_ridge,reportable,1460,27.23824947826495,6400.179239030909,8761.68046664031,1.6765253709074168,1.5577719948007265,12.952043882083139,41.23287671232877,75.68744804015931,1.3689742332852182,13.12023812577125,1,2457.351156913872,7.387863498628682,8824.0,0,,,
lead_time_hours,18.5,seasonal_naive,reportable,1460,13.038506334279097,3837.291095890411,5672.401558942245,1.0,1.0,0.5238801401811726,41.84931506849315,37.93679588543457,1.4782307146354277,13.038506334279097,1,4506.0,5.784338896020539,4506.0,0,,,
lead_time_hours,18.5,hour_weekday_mean,reportable,1460,22.283263850745563,9131.532012025982,13227.38325580361,2.3796818598947302,2.3318841443711493,-6.822403964570693,62.6027397260274,46.9427092974171,1.4485393292586066,13.038506334279097,1,19356.81338028169,24.848284185213977,4506.0,0,,,
lead_time_hours,18.5,ridge_all,reportable,1460,17.798009585890618,5980.358519098243,7948.002597219103,1.5584844541773164,1.4011706531406423,-0.03740612183287651,53.630136986301366,43.75818204039258,1.3290177456480576,13.038506334279097,1,1335.3123066858825,1.7141364655787965,4506.0,0,,,
lead_time_hours,18.5,per_zone_ridge,reportable,1460,28.077952266860596,6538.493021091089,9191.025631622235,1.703934587629685,1.620305885631997,14.705140265737228,39.178082191780824,78.04296370331664,1.4056795047383126,13.038506334279097,1,1584.8986542600178,2.034529723055222,4506.0,0,,,
lead_time_hours,19.5,seasonal_naive,reportable,1459,12.550698582009593,3806.0116518163127,5667.53697792628,1.0,1.0,0.6779461922928367,39.82179575051405,36.93206607272376,1.4891013208594899,12.550698582009593,15,6451.0,16.136813935908098,6451.0,0,,,
lead_time_hours,19.5,hour_weekday_mean,reportable,1459,20.83081950026992,9215.751328782308,13726.114136247099,2.4213670823588647,2.421883472433806,-6.1975197293342905,62.78272789581906,42.63588182019636,1.4894188923455633,12.550698582009593,15,5699.7286247385255,13.933193921304783,6451.0,0,,,
lead_time_hours,19.5,ridge_all,reportable,1459,16.731932404323754,5893.715276556836,7605.396556709739,1.5485279120846163,1.3419227058122363,0.5158562420353869,51.953392734749826,41.348084441481745,1.2904248338838797,12.550698582009593,15,6258.809410675182,14.919573782390094,6451.0,0,,,
lead_time_hours,19.5,per_zone_ridge,reportable,1459,29.286163736161885,6579.516020845849,9803.67081185548,1.728716730992129,1.7297938857811541,17.449137483490176,36.18917066483893,83.59029244006663,1.4900291724793369,12.550698582009593,15,4856.051956690598,11.975587672473479,6451.0,0,,,
lead_time_hours,20.5,seasonal_naive,reportable,1459,11.91431724011893,3808.627141877999,5647.0496695644315,1.0,1.0,0.8363062810847647,38.58807402330363,33.46805105231706,1.482699529043403,11.91431724011893,65,4048.646153846154,12.25261489662841,4048.646153846154,0,,,
lead_time_hours,20.5,hour_weekday_mean,reportable,1459,19.28530241208299,9199.119572858532,13890.22968011731,2.415337398536348,2.4597321597825954,-5.906436561917708,61.82316655243317,40.96172859773135,1.509952074228889,11.91431724011893,65,6160.284447845802,13.906352094693688,4048.646153846154,0,,,
lead_time_hours,20.5,ridge_all,reportable,1459,16.28544773759888,5899.800946921894,7584.830588324566,1.549062359518017,1.343149260613746,1.4281205162892918,48.183687457162435,42.72355726297519,1.2856078800898874,11.91431724011893,65,4878.079901767679,13.384168725198169,4048.646153846154,0,,,
lead_time_hours,20.5,per_zone_ridge,reportable,1459,29.36068236957114,6635.376976289626,10216.893168528752,1.7421965262311772,1.8092444314053289,19.06358093616137,31.45990404386566,81.27187672801213,1.5397607709459544,11.91431724011893,65,5199.479315118418,15.171821208545198,4048.646153846154,0,,,
lead_time_hours,21.5,seasonal_naive,reportable,1459,11.515467298886893,3748.207676490747,5520.358759176849,1.0,1.0,0.8447697653874301,38.3139136394791,33.33932244014172,1.4727995980055395,11.515467298886893,85,1996.835294117647,10.798880998976326,1996.835294117647,0,,,
lead_time_hours,21.5,hour_weekday_mean,reportable,1459,19.08719879937219,8263.433789275883,12200.690091130777,2.2046360560822786,2.2101263021807744,-1.7699419227281807,57.710760795065106,41.85298452736012,1.4764673381862858,11.515467298886893,85,5139.60606860593,20.320250851636747,1996.835294117647,0,,,
lead_time_hours,21.5,ridge_all,reportable,1459,18.849372169875416,6392.5830741092295,8876.204233351393,1.70550397039213,1.6079035114512994,9.340636508409554,35.02398903358465,51.34792634233138,1.3885160553174731,11.515467298886893,85,2670.1269933641497,20.092600970216147,1996.835294117647,0,,,
lead_time_hours,21.5,per_zone_ridge,reportable,1459,29.424078906466473,7111.40340634345,10015.841928427295,1.8972810527407833,1.8143461983838123,22.13934288861827,24.400274160383827,81.16239147403151,1.4084198794703524,11.515467298886893,85,5195.206914807689,63.530106801384434,1996.835294117647,0,,,
lead_time_hours,22.5,seasonal_naive,reportable,1459,11.420751248740832,3807.8492117888964,5547.276877346312,1.0,1.0,0.739886878431581,38.86223440712817,34.845608596012084,1.4568005634709067,11.420751248740832,39,6879.282051282052,10.332013435174872,6879.282051282052,0,,,
lead_time_hours,22.5,hour_weekday_mean,reportable,1459,18.411866018039696,7674.632301192733,11131.593157156145,2.0154769462594486,2.006677042318688,-0.5446998568532555,55.92871830020562,45.170955932731474,1.4504399325328143,11.420751248740832,39,17686.602045381118,27.08201021770345,6879.282051282052,0,,,
lead_time_hours,22.5,ridge_all,reportable,1459,21.768182658690012,7291.169917628926,10345.91338960529,1.9147738032944834,1.8650436274157154,14.688652707659111,27.62165867032214,67.85552682010876,1.4189647898056066,11.420751248740832,39,3970.3215574834867,10.84284588699848,6879.282051282052,0,,,
lead_time_hours,22.5,per_zone_ridge,reportable,1459,27.8424650022692,7133.130262804691,9657.747671043679,1.87327014964797,1.7409889364786346,22.16677891818116,20.83618917066484,77.78247951387074,1.3539284038318302,11.420751248740832,39,15184.57881544827,55.8310236895418,6879.282051282052,0,,,
lead_time_hours,23.5,seasonal_naive,reportable,1459,11.484013825662236,3980.5839616175463,5722.609280629997,1.0,1.0,0.7627169076286936,40.57573680603153,35.57833790137729,1.4376305928501412,11.484013825662236,100,4715.66,6.618434558976916,4715.66,0,,,
lead_time_hours,23.5,hour_weekday_mean,reportable,1459,17.625375711593584,7396.561584013405,10567.606566203178,1.8581599220953866,1.8466412868641275,-0.8206590948725755,56.33995887594243,44.158841112090165,1.428718796723538,11.484013825662236,100,21502.092672202667,22.813786822855228,4715.66,0,,,
lead_time_hours,23.5,ridge_all,reportable,1459,24.353065311620796,8255.095498859539,11420.005722194512,2.073840315506121,1.9955941708005782,17.647953977380542,25.77107607950651,79.20523429623441,1.3833886868749383,11.484013825662236,100,3636.619750472812,5.246450759705356,4715.66,0,,,
lead_time_hours,23.5,per_zone_ridge,reportable,1459,26.44136417745543,6853.332179623197,9135.012063371314,1.7216901453922062,1.5963018992562863,21.657067324705057,19.12268677176148,73.2927818655235,1.3329300001730788,11.484013825662236,100,15302.83041169018,20.62562060964084,4715.66,0,,,
lead_time_hours,24.5,seasonal_naive,reportable,1459,11.588290466374463,4072.9568197395474,5850.919569559859,1.0,1.0,0.7567202508618076,39.68471555860178,35.49269926240031,1.4365287501216393,11.588290466374463,192,4339.265625,8.254181676814829,4339.265625,0,,,
lead_time_hours,24.5,hour_weekday_mean,reportable,1459,17.1457082060618,6982.309989703606,9845.079894717146,1.7143098487722495,1.6826551412426525,-0.39027001706459596,55.860178204249486,45.8215325535971,1.4100032667176186,11.588290466374463,192,6783.545198002156,11.895372679249148,4339.265625,0,,,
lead_time_hours,24.5,ridge_all,reportable,1459,26.851621410002668,9080.486729998103,12173.20534791978,2.229458138615565,2.080562756537007,20.486785783502206,25.154215215901303,86.55789848978397,1.3405895201305276,11.588290466374463,192,6194.558100261467,11.782434214384637,4339.265625,0,,,
lead_time_hours,24.5,per_zone_ridge,reportable,1459,26.19734365647832,6601.3267992074025,8709.871512336631,1.6207701410469497,1.4886329249253103,22.3958314596819,16.449623029472242,73.68710632656267,1.3194122601811493,11.588290466374463,192,8952.274581462674,18.31870628492906,4339.265625,0,,,
lead_time_hours,25.5,seasonal_naive,reportable,1459,11.559008663136241,4008.9088416723785,5703.955298560646,1.0,1.0,0.7032620150674573,40.918437285812196,35.12043005271697,1.4228199053239516,11.559008663136241,193,4755.79274611399,8.33772498194077,4755.79274611399,0,,,
lead_time_hours,25.5,hour_weekday_mean,reportable,1459,16.893099657610904,6502.550496915988,8558.908863693743,1.6220250331766959,1.500521728466828,-0.19335123110766655,53.87251542152159,44.77746810322338,1.3162387385923475,11.559008663136241,193,9322.441376578563,15.27710953806298,4755.79274611399,0,,,
lead_time_hours,25.5,ridge_all,reportable,1459,27.433235887700672,9236.95661048441,12044.174888652662,2.304107420569601,2.1115479098673733,20.683373935374732,25.291295407813568,87.93139534321223,1.3039116016829524,11.559008663136241,193,7673.765677381161,13.01980519061668,4755.79274611399,0,,,
lead_time_hours,25.5,per_zone_ridge,reportable,1459,25.883992119606003,6602.980293609916,9270.013391704602,1.64707668704569,1.6251903997290837,22.047269516381196,19.259766963673748,70.64353486963427,1.4039135329050925,11.559008663136241,193,4913.229653076651,9.083595264351525,4755.79274611399,0,,,
lead_time_hours,26.5,seasonal_naive,reportable,1459,11.67484089081928,3985.0411240575736,5713.081598243079,1.0,1.0,0.6657369237978256,40.43865661411926,34.83294994097922,1.4336317795451035,11.67484089081928,42,6048.952380952381,10.264192692464084,6048.952380952381,0,,,
lead_time_hours,26.5,hour_weekday_mean,reportable,1459,17.460226228050164,6649.898207254278,8935.12909304216,1.6687150772696024,1.5639771530289266,-0.5097155167619282,53.598355037697054,45.42939645177699,1.343649002520814,11.67484089081928,42,10456.915298780008,16.852397860388603,6048.952380952381,0,,,
lead_time_hours,26.5,ridge_all,reportable,1459,26.98819409445752,9079.148733131311,11674.677452072256,2.27830741276941,2.043499160884123,19.683238801788864,25.565455791638108,83.99673886524425,1.285877982092025,11.67484089081928,42,7873.327014277354,12.854761025641919,6048.952380952381,0,,,
lead_time_hours,26.5,per_zone_ridge,reportable,1459,26.73214234891607,7175.675019563368,9796.161683074677,1.8006526899419013,1.7146896144608283,21.741644147682752,22.7553118574366,69.26178323170532,1.3651902652178307,11.67484089081928,42,6457.1328156574,11.153637489212846,6048.952380952381,0,,,
lead_time_hours,27.5,seasonal_naive,reportable,1459,11.905827488509551,4047.442769019877,5795.865715494912,1.0,1.0,0.6722695612904201,40.57573680603153,35.357567472097344,1.4319821295208657,11.905827488509551,16,7924.4375,11.852356800813986,7924.4375,0,,,
lead_time_hours,27.5,hour_weekday_mean,reportable,1459,17.15272584967014,6338.386823032029,8410.489124344842,1.5660225937096879,1.4511187003280432,0.3424464732070318,50.71967100753941,43.62546373357503,1.3269131971850219,11.905827488509551,16,15344.878552810267,23.50979691820126,7924.4375,0,,,
lead_time_hours,27.5,ridge_all,reportable,1459,26.92685214095461,9172.678373865561,11694.945856010192,2.2662898272646372,2.0178082844025234,20.05213934497941,23.71487320082248,80.874584317066,1.2749761170446112,11.905827488509551,16,11817.146397422584,18.44575388877551,7924.4375,0,,,
lead_time_hours,27.5,per_zone_ridge,reportable,1459,27.129811091288072,7295.060183440929,9983.1838478642,1.8023874826048476,1.7224663817132158,22.631291901601735,21.727210418094586,69.22825219683257,1.3684854678135554,11.905827488509551,16,6410.697286121009,10.010789481894214,7924.4375,0,,,
lead_time_hours,28.5,seasonal_naive,reportable,1459,11.687812669726846,4071.7272104180947,5838.48267560954,1.0,1.0,0.5324054377175462,41.32967786154901,34.551755223374215,1.4339081116905252,11.687812669726846,85,6924.988235294118,10.983047455134367,6924.988235294118,0,,,
lead_time_hours,28.5,hour_weekday_mean,reportable,1459,17.174315072302353,6885.978738069063,9387.598590748801,1.6911689762640054,1.6078832656241,-2.2291846200237555,54.283755997258396,40.252291720591025,1.3632918351678256,11.687812669726846,85,14201.537153292162,22.512521980498853,6924.988235294118,0,,,
lead_time_hours,28.5,ridge_all,reportable,1459,23.575654745911404,8352.02479538285,10673.710974085685,2.051224054011527,1.8281652215352928,16.128960616123205,25.085675119945165,71.00070813893728,1.2779788417278533,11.687812669726846,85,9646.344517819143,15.450982127980083,6924.988235294118,0,,,
lead_time_hours,28.5,per_zone_ridge,reportable,1459,27.450336194883953,7368.254988806933,9946.700186460152,1.8096141042931861,1.7036447205731775,21.459262655082114,25.976696367374913,70.0553229556295,1.3499397349263993,11.687812669726846,85,6801.588721918778,10.436187831735047,6924.988235294118,0,,,
lead_time_hours,29.5,seasonal_naive,reportable,1459,11.644996221349686,4038.938999314599,5780.577022716556,1.0,1.0,0.503497051178186,42.15215901302262,34.654203615566125,1.4312117671738815,11.644996221349686,11,6846.0,7.832689650213535,6846.0,0,,,
lead_time_hours,29.5,hour_weekday_mean,reportable,1459,16.8762269490924,7006.3053412184545,9571.68284765961,1.7346895663458677,1.6558351891246732,-2.974164690620765,55.174777244688144,37.395766785987185,1.3661526841185334,11.644996221349686,11,7630.9218618782,10.176763586631013,6846.0,0,,,
lead_time_hours,29.5,ridge_all,reportable,1459,20.332625402559778,7314.083553552587,9503.655342147045,1.8108923048339611,1.6440668993423162,12.64426245969854,26.525017135023987,57.861675659817756,1.2993637921364656,11.644996221349686,11,7819.52158769656,10.371396171343093,6846.0,0,,,
lead_time_hours,29.5,per_zone_ridge,reportable,1459,28.87646348063809,7337.310623349439,9918.247398629213,1.8166430898299202,1.7157884688072504,21.85340918003506,27.553118574366003,75.17554910344045,1.3517551467790514,11.644996221349686,11,13525.35643416221,16.240556809573967,6846.0,0,,,
lead_time_hours,30.5,seasonal_naive,reportable,1459,11.139595352383267,3797.006168608636,5434.622078525313,1.0,1.0,0.5694944488340754,40.09595613433859,32.291827491347284,1.431291348287896,11.139595352383267,2,2074.5,4.75190859394581,2074.5,0,,,
lead_time_hours,30.5,hour_weekday_mean,reportable,1459,16.258721009999388,6883.5495297346615,9411.946325377232,1.8128886875780479,1.7318492784563906,-3.4406103055990083,55.997258396161754,36.76291556267471,1.3673100316516547,11.139595352383267,2,9612.278928018575,14.866617196640295,2074.5,0,,,
lead_time_hours,30.5,ridge_all,reportable,1459,17.204742191257633,6178.252904317562,8144.645468821927,1.6271379686964014,1.498659032981366,8.324111418856713,32.96778615490062,48.00853444629463,1.318276476369264,11.139595352383267,2,6027.055499227052,8.777289621587975,2074.5,0,,,
lead_time_hours,30.5,per_zone_ridge,reportable,1459,31.048833529669604,7094.75957231246,9646.215174556788,1.868514102233403,1.7749560199730197,23.13234553734569,29.81494174091844,90.00079882317944,1.3596253793012902,11.139595352383267,2,6140.950371077717,11.080121761401184,2074.5,0,,,
lead_time_hours,31.5,seasonal_naive,reportable,1459,10.63447962360842,3568.726525017135,5143.585982904988,1.0,1.0,0.6711040684129979,38.03975325565456,30.366047855651278,1.4412945197251537,10.63447962360842,67,4072.313432835821,13.662197342815759,4072.313432835821,1459,995.373543522961,995.373543522961,1.0
lead_time_hours,31.5,hour_weekday_mean,reportable,1459,16.854299138935176,7052.170941824419,9502.069749762284,1.9761029298232815,1.8473628673347688,-5.070548462918698,58.46470185058259,37.49693178516773,1.3473964014979007,10.63447962360842,67,3969.7320636921672,11.575045765217094,4072.313432835821,1459,1754.2798498127506,995.373543522961,1.762433672492204
lead_time_hours,31.5,ridge_all,reportable,1459,15.542583217883507,5578.2196387560225,7116.460720275906,1.5630840860604298,1.3835601745412411,2.2810337903498015,46.470185058259084,42.57189527076463,1.2757584285194838,10.63447962360842,67,4150.642246705154,16.061906364056313,4072.313432835821,1459,2636.6130883353385,995.373543522961,2.648867960668796
lead_time_hours,31.5,per_zone_ridge,reportable,1459,32.132795948652245,6764.1868839766485,9421.820281999173,1.89540634076582,1.8317610152358976,22.40951904250357,35.77793008910212,101.52249870593188,1.3928976894943665,10.63447962360842,67,6227.869020631607,55.59470117775916,4072.313432835821,1459,2029.3475852837196,995.373543522961,2.038779911811979
lead_time_hours,32.5,seasonal_naive,reportable,1459,10.444166667829993,3499.1309115832764,5049.418635501079,1.0,1.0,0.2302497654530831,38.65661411925977,30.050386748178695,1.4430493637108115,10.444166667829993,89,1652.4157303370787,15.843388850218009,1652.4157303370787,1459,807.2227553118574,807.2227553118574,1.0
lead_time_hours,32.5,hour_weekday_mean,reportable,1459,18.905005253931794,8347.341821228507,11312.278433451576,2.385547163610271,2.24031304394491,-11.205535301809903,67.10075394105552,43.163614524502755,1.3551953035735045,10.444166667829993,89,1944.8407140828053,11.998598483783223,1652.4157303370787,1459,2330.4186740353,807.2227553118574,2.886958598107136
lead_time_hours,32.5,ridge_all,reportable,1459,16.110672367719783,6079.264281314308,7853.897060823598,1.7373640583694483,1.55540620173677,-5.763938420948991,61.20630568882797,37.03630682050122,1.2919157150255725,10.444166667829993,89,2243.4676762488557,21.242853270049746,1652.4157303370787,1459,3066.7791972011614,807.2227553118574,3.7991733719354346
lead_time_hours,32.5,per_zone_ridge,reportable,1459,30.837554910800964,7081.351659784641,9715.54358466077,2.0237458496745675,1.9240915214186134,15.421205787214312,44.688142563399595,86.27738519815675,1.3719899888372782,10.444166667829993,89,4779.6862150692805,101.75329295785941,1652.4157303370787,1459,2414.912237432777,807.2227553118574,2.9916305276847837
lead_time_hours,33.5,seasonal_naive,reportable,1459,10.669035444062013,3508.686086360521,5101.633240680147,1.0,1.0,-0.2519255419309028,40.849897189856065,30.91240450324249,1.4540010462925035,10.669035444062013,133,2388.6992481203006,9.39984667343407,2388.6992481203006,1459,641.5867032213845,641.5867032213845,1.0
lead_time_hours,33.5,hour_weekday_mean,reportable,1459,19.564708229087273,8640.36790858628,12407.264707468992,2.462565101555932,2.432018164013465,-14.449887050817388,69.70527758738862,48.453838657388175,1.4359648615355134,10.669035444062013,133,3933.50272809602,13.08252201861637,2388.6992481203006,1459,1657.961945905278,641.5867032213845,2.5841588324394955
lead_time_hours,33.5,ridge_all,reportable,1459,17.628973625372957,6755.029789922201,9186.891672615862,1.9252305916398003,1.8007746224013297,-8.340985363035589,65.72995202193283,41.31489021253684,1.360007573367292,10.669035444062013,133,3646.8229750264795,14.834984452310408,2388.6992481203006,1459,2086.6735454578575,641.5867032213845,3.2523640764073543
lead_time_hours,33.5,per_zone_ridge,reportable,1459,28.76036953834476,7164.332574486814,10088.68586288976,2.0418847392296104,1.9775404045988898,10.831328955710749,46.05894448252227,67.65150676722611,1.4081822358187246,10.669035444062013,133,6511.920477979884,13.982287107032205,2388.6992481203006,1459,1820.6052234808853,641.5867032213845,2.8376604663714033
lead_time_hours,34.5,seasonal_naive,reportable,1459,11.119810132713281,3546.253598355038,5184.695113783682,1.0,1.0,-0.3988205494584443,41.19259766963674,31.536190090971306,1.462020402654974,11.119810132713281,42,3836.595238095238,7.10434094150768,3836.595238095238,1459,517.4098697738177,517.4098697738177,1.0
lead_time_hours,34.5,hour_weekday_mean,reportable,1459,19.88449039297974,8408.16328672408,12531.212149517847,2.3709988734658696,2.4169622079036444,-14.694013289428858,69.01987662782729,51.28643260516306,1.490362606219099,11.119810132713281,42,8051.04358025151,15.245073046602897,3836.595238095238,1459,1049.8171699111579,517.4098697738177,2.0289855900315135
lead_time_hours,34.5,ridge_all,reportable,1459,18.34873687427974,6940.62581621363,9749.215662530833,1.9571713143789555,1.8803835999174228,-7.796385617703641,65.2501713502399,43.900775679308985,1.4046594530072785,11.119810132713281,42,8977.365671999132,16.157346614654234,3836.595238095238,1459,1165.6463852953907,517.4098697738177,2.2528491499494305
lead_time_hours,34.5,per_zone_ridge,reportable,1459,27.91362811598211,7118.497508702452,10254.373692205154,2.007328949064566,1.977816142928745,9.487168316150008,45.85332419465387,59.32491897332343,1.4405250096202258,11.119810132713281,42,7415.1844168365915,12.879089400166265,3836.595238095238,1459,1203.230324157116,517.4098697738177,2.3254877698469496
lead_time_hours,35.5,seasonal_naive,reportable,1459,11.469977062190917,3613.4969156956818,5280.2233908129565,1.0,1.0,-0.4603176753606987,41.67237834132968,32.50016374617065,1.4612502830368104,11.469977062190917,69,2245.2753623188405,6.609681761353987,2245.2753623188405,1459,462.76901987662785,462.76901987662785,1.0
lead_time_hours,35.5,hour_weekday_mean,reportable,1459,20.106931291579404,8220.505945963238,12490.519519949874,2.274944780015289,2.3655286141268355,-14.303988012009427,67.99177518848526,51.384233839899224,1.5194344000302644,11.469977062190917,69,4205.27315504534,14.344740028362098,2245.2753623188405,1459,894.0015251708998,462.76901987662785,1.9318525803849975
lead_time_hours,35.5,ridge_all,reportable,1459,18.613295735443256,6827.005342641408,9654.830980702782,1.8893070900344329,1.8284891123169504,-7.009554787432725,63.19396847155586,44.50374065972632,1.4142117218509853,11.469977062190917,69,4410.863597444172,14.614200024295355,2245.2753623188405,1459,892.0350277746177,462.76901987662785,1.9276031658567598
lead_time_hours,35.5,per_zone_ridge,reportable,1459,27.580432332249334,7135.520841478814,10248.55627184431,1.9746857429114646,1.9409323267791545,8.990072981018018,45.03084304318026,60.455156679953205,1.4362730485305863,11.469977062190917,69,5488.376215174907,12.736516015832658,2245.2753623188405,1459,986.4320720341436,462.76901987662785,2.131586233445623
lead_time_hours,36.5,seasonal_naive,reportable,1459,11.678722611133743,3671.069225496916,5307.818183693241,1.0,1.0,-0.4513366514600427,42.35777930089102,33.16238923109423,1.4458507474684776,11.678722611133743,93,3546.483870967742,12.608923297998222,3546.483870967742,0,,,
lead_time_hours,36.5,hour_weekday_mean,reportable,1459,20.35836781588542,8141.117341374647,12320.10047976593,2.2176420114422295,2.3211233040377923,-13.755776093596173,67.44345442083619,49.82377145502515,1.513318131057137,11.678722611133743,93,5266.857893226944,17.071684037603475,3546.483870967742,0,,,
lead_time_hours,36.5,ridge_all,reportable,1459,18.508756420602023,6688.850059082598,9452.585914682815,1.8220441098266664,1.780879748994265,-6.746462980713141,63.74228923920493,44.550961735670306,1.413185499927214,11.678722611133743,93,5819.692722261005,17.185157720779998,3546.483870967742,0,,,
lead_time_hours,36.5,per_zone_ridge,reportable,1459,27.568682597668573,7199.513982658256,10155.167026361332,1.9611490659601305,1.9132469641782734,8.74402416044293,44.41398217957505,64.39088952149771,1.4105350792876394,11.678722611133743,93,4172.666718836577,13.120257549695719,3546.483870967742,0,,,
lead_time_hours,37.5,seasonal_naive,reportable,1471,12.07891832930168,3677.569680489463,5380.35981443944,1.0,1.0,-0.20898016561670482,41.5363698164514,36.787429842529775,1.4630204950252217,12.07891832930168,53,4004.7169811320755,12.02129199765533,4004.7169811320755,0,,,
lead_time_hours,37.5,hour_weekday_mean,reportable,1471,22.78190108941654,9650.175207677208,13610.876559967399,2.624063184682561,2.5297335177174327,-11.300163528997418,69.68048946295038,46.18266073323436,1.4104279214681252,12.07891832930168,53,8193.945855849546,21.035141846434357,4004.7169811320755,0,,,
lead_time_hours,37.5,ridge_all,reportable,1471,18.361560337319375,6315.2012383075735,8734.2513725878,1.717221368180047,1.623358227668606,-2.2299294203485767,56.62814411964649,48.10514442369924,1.3830519476729317,12.07891832930168,53,6755.293259765864,18.969991638675417,4004.7169811320755,0,,,
lead_time_hours,37.5,per_zone_ridge,reportable,1471,27.082181637963785,6357.492102066887,8548.701115757847,1.7287210452585475,1.5888716388103694,11.45272100574631,45.81917063222298,78.34888427778904,1.3446656289165622,12.07891832930168,53,5879.890296572972,15.869812101196633,4004.7169811320755,0,,,
zone_temperature_band,IN-NO: < 20 C,seasonal_naive,reportable,1927,17.345920260690395,5125.427088738972,6277.239917746549,1.0,1.0,1.9632208534287672,48.46912298910223,43.6730821761413,1.2247252392953192,17.345920260690395,50,4981.44,10.159718085809953,4981.44,334,954.7634730538922,954.7634730538922,1.0
zone_temperature_band,IN-NO: < 20 C,hour_weekday_mean,reportable,1927,27.787541842509,7498.130946574043,9094.350399620484,1.4629280285828505,1.448781712789025,25.226058795802203,13.7519460300986,80.70710082565249,1.2128823121948498,17.345920260690395,50,4505.091664398433,9.57874646793294,4981.44,334,1429.9883341146415,954.7634730538922,1.4977409321501398
zone_temperature_band,IN-NO: < 20 C,ridge_all,reportable,1927,31.140466664278616,8103.230049470234,9527.970220410876,1.5809863079066648,1.5178598150238136,29.571367059130672,9.49662688116243,83.54783009741404,1.1758237347628786,17.345920260690395,50,4331.651492981564,9.229663360144734,4981.44,334,1691.4255292913322,954.7634730538922,1.7715649760680137
zone_temperature_band,IN-NO: < 20 C,per_zone_ridge,reportable,1927,22.957309386326855,6194.26301360931,7857.259456471749,1.208535972976509,1.251706093669972,18.66090376383492,20.86144265697976,73.17684022328132,1.2684736568674428,17.345920260690395,50,5147.589517176748,10.614120940038147,4981.44,334,1482.7721142515481,954.7634730538922,1.5530255985901675
zone_temperature_band,IN-NO: 20 to < 30 C,seasonal_naive,reportable,2817,10.319233187587864,4812.806886758964,6236.47967083763,1.0,1.0,0.8838900467931186,38.516151934682284,27.234494403603993,1.2958092476129652,10.319233187587864,92,5328.076086956522,9.49520139799155,5328.076086956522,549,810.2677595628415,810.2677595628415,1.0
zone_temperature_band,IN-NO: 20 to < 30 C,hour_weekday_mean,reportable,2817,21.965618592421237,11462.938629599323,14019.714809771394,2.3817574441094362,2.2480173991954002,-18.95705522499036,82.0376286829961,49.542263945995906,1.2230471838669734,10.319233187587864,92,8873.105157633727,15.235612550193883,5328.076086956522,549,1824.0493643992525,810.2677595628415,2.2511686326793625
zone_temperature_band,IN-NO: 20 to < 30 C,ridge_all,reportable,2817,14.827391134898356,7027.281483744248,8415.862727491749,1.4601212242855135,1.3494572533997218,-1.9982747445112317,58.324458643947466,36.89540326238609,1.1975986371059157,10.319233187587864,92,7392.622999251762,12.885186291936352,5328.076086956522,549,1767.0759291232666,810.2677595628415,2.180854301887373
zone_temperature_band,IN-NO: 20 to < 30 C,per_zone_ridge,reportable,2817,14.814122102857567,7403.770055645952,9360.03818498981,1.5383476274552526,1.5008528334916629,-5.501199683871917,57.969471068512604,36.454895377433445,1.2642259436261192,10.319233187587864,92,7492.855241199748,13.680442293258318,5328.076086956522,549,1858.8583370251017,810.2677595628415,2.2941284718375066
zone_temperature_band,IN-NO: 30 to < 45 C,seasonal_naive,reportable,1931,11.964818068856585,7276.896944588296,9209.529856520692,1.0,1.0,-3.5468724807246823,52.511651993785605,28.772443837858166,1.2655847577131984,11.964818068856585,136,6856.875,10.200642551173761,6856.875,507,1125.6193293885601,1125.6193293885601,1.0
zone_temperature_band,IN-NO: 30 to < 45 C,hour_weekday_mean,reportable,1931,29.996564283828334,18339.318771022306,20077.608672582577,2.520211418503177,2.18009051334655,-29.91279964362475,98.80890730191611,52.712715984612,1.0947848675986218,11.964818068856585,136,16494.798942036155,24.171391841685814,6856.875,507,2474.172057605568,1125.6193293885601,2.198053989486433
zone_temperature_band,IN-NO: 30 to < 45 C,ridge_all,reportable,1931,14.94910791953625,9490.415461350953,11173.247838955418,1.3041843980501622,1.2132267350264725,-13.901837900708019,87.20870015535992,30.183998110230483,1.1773191473500482,11.964818068856585,136,10840.635298506833,15.70338847909395,6856.875,507,2173.3650895291476,1125.6193293885601,1.930817135762697
zone_temperature_band,IN-NO: 30 to < 45 C,per_zone_ridge,reportable,1931,15.642180523740516,9445.242528211867,11656.897635858584,1.2979766788144682,1.2657429659783408,-11.923781423146385,73.58881408596582,38.127181097615164,1.2341554598561926,11.964818068856585,136,5802.484980511132,8.492899803021453,6856.875,507,2720.0968977486873,1125.6193293885601,2.4165335711019216
zone_temperature_band,IN-NO: >= 45 C,seasonal_naive,absent,0,,,,,,,,,,,0,,,,0,,,
zone_temperature_band,IN-NO: >= 45 C,hour_weekday_mean,absent,0,,,,,,,,,,,0,,,,0,,,
zone_temperature_band,IN-NO: >= 45 C,ridge_all,absent,0,,,,,,,,,,,0,,,,0,,,
zone_temperature_band,IN-NO: >= 45 C,per_zone_ridge,absent,0,,,,,,,,,,,0,,,,0,,,
zone_temperature_band,IN-WE: < 20 C,seasonal_naive,insufficient rows to judge,44,12.150705130185385,10889.75,13043.04072624032,1.0,1.0,-11.106890482841552,86.36363636363636,25.54932286409733,1.1977355518942419,12.150705130185385,4,12872.75,12.987991732746782,12872.75,0,,,
zone_temperature_band,IN-WE: < 20 C,hour_weekday_mean,insufficient rows to judge,44,33.56835422498577,30766.070820528257,31856.024594949977,2.8252320595540077,2.442377146830587,-33.56835422498577,100.0,41.62808586990613,1.0354271359765077,12.150705130185385,4,30564.36380771316,30.952608618366185,12872.75,0,,,
zone_temperature_band,IN-WE: < 20 C,ridge_all,insufficient rows to judge,44,13.530935379633663,12389.192300749392,14116.922085750339,1.1376929957757884,1.082333666056072,-10.571818375316466,79.54545454545455,22.78982860851378,1.1394545942189016,12.150705130185385,4,7205.377014608828,7.127175694999584,12872.75,0,,,
zone_temperature_band,IN-WE: < 20 C,per_zone_ridge,insufficient rows to judge,44,30.570511626137634,28129.196456466216,29531.86891702046,2.583089277207118,2.264185900884868,-30.570511626137634,100.0,40.60594677030316,1.0498653583199602,12.150705130185385,4,27572.529627389733,27.87143897711256,12872.75,0,,,
zone_temperature_band,IN-WE: 20 to < 30 C,seasonal_naive,reportable,5269,6.792567240418472,5566.710950844563,7445.8580782312465,1.0,1.0,0.45788456927566323,33.953311823875495,19.955428234321673,1.33756865480892,6.792567240418472,241,5970.319502074689,6.4553572683853,5970.319502074689,1206,1066.0414593698176,1066.0414593698176,1.0
zone_temperature_band,IN-WE: 20 to < 30 C,hour_weekday_mean,reportable,5269,18.185142997740847,15624.809787119375,19063.424789449225,2.806829728557908,2.560272380853345,-13.661043013645582,73.69519832985387,37.81315799759783,1.2200740392477956,6.792567240418472,241,18377.334940907618,18.911981295100247,5970.319502074689,1206,1935.3650297856384,1066.0414593698176,1.8154688195051203
zone_temperature_band,IN-WE: 20 to < 30 C,ridge_all,reportable,5269,14.887107414781294,12148.741769482549,14573.52642214324,2.1823913396544117,1.9572662101565548,1.7020130346881355,45.4735243879294,34.90908050491757,1.1995914226073776,6.792567240418472,241,8377.782237706093,8.769118647823,5970.319502074689,1206,3746.7560687853907,1066.0414593698176,3.5146438591612164
zone_temperature_band,IN-WE: 20 to < 30 C,per_zone_ridge,reportable,5269,16.305182956810008,13392.030933104166,15969.122939018667,2.405734921636693,2.1446988072074706,2.5602145613405103,38.64110836970962,34.70208426425717,1.1924347411372915,6.792567240418472,241,16031.12876341607,17.617047752075088,5970.319502074689,1206,2121.714542393794,1066.0414593698176,1.9902739464260888
zone_temperature_band,IN-WE: 30 to < 45 C,seasonal_naive,reportable,1361,6.568622730388593,5869.105804555474,7334.632223785491,1.0,1.0,0.7803128469210793,33.87215282880235,17.07349150402441,1.2497018230771215,6.568622730388593,33,7593.757575757576,8.225266344600128,7593.757575757576,184,1411.9782608695652,1411.9782608695652,1.0
zone_temperature_band,IN-WE: 30 to < 45 C,hour_weekday_mean,reportable,1361,9.611959306716306,8956.010187423351,11105.022428594206,1.5259582099324036,1.5140530690252891,-7.855315989138715,73.91623806024981,23.099097929270577,1.2399519647921622,6.568622730388593,33,15666.553661286453,16.01640371493957,7593.757575757576,184,1899.4766536676177,1411.9782608695652,1.345259134866444
zone_temperature_band,IN-WE: 30 to < 45 C,ridge_all,reportable,1361,11.357071821542414,9888.178693532493,12008.304379505991,1.6847845349554782,1.6372060674786446,7.210708641166505,19.250551065393093,27.62924096583466,1.2144101306907205,6.568622730388593,33,8682.837148406747,9.30365408239606,7593.757575757576,184,3605.5038689697794,1411.9782608695652,2.553512308857598
zone_temperature_band,IN-WE: 30 to < 45 C,per_zone_ridge,reportable,1361,12.950818436667992,11221.89315551115,13085.11744172731,1.9120277482135282,1.7840182087512937,11.71865129366211,6.465833945628215,29.80277608905726,1.1660347554905313,6.568622730388593,33,11005.738288820874,11.952772745126074,7593.757575757576,184,2003.5653593688014,1411.9782608695652,1.4189774835024074
zone_temperature_band,IN-WE: >= 45 C,seasonal_naive,absent,0,,,,,,,,,,,0,,,,0,,,
zone_temperature_band,IN-WE: >= 45 C,hour_weekday_mean,absent,0,,,,,,,,,,,0,,,,0,,,
zone_temperature_band,IN-WE: >= 45 C,ridge_all,absent,0,,,,,,,,,,,0,,,,0,,,
zone_temperature_band,IN-WE: >= 45 C,per_zone_ridge,absent,0,,,,,,,,,,,0,,,,0,,,
zone_temperature_band,IN-SO: < 20 C,seasonal_naive,reportable,1080,13.018098268644868,3987.6675925925924,5234.267964400385,1.0,1.0,2.2926583081539755,37.77777777777778,35.25534679801804,1.312613913487536,13.018098268644868,1,9801.0,22.574626865671643,9801.0,21,830.5714285714286,830.5714285714286,1.0
zone_temperature_band,IN-SO: < 20 C,hour_weekday_mean,reportable,1080,17.42563934315582,6371.45763888831,8753.909888826103,1.5977905607588243,1.672422953575116,-4.183057266914459,51.57407407407407,41.705152711334,1.373925777265857,13.018098268644868,1,2628.606177606176,6.054464201230367,9801.0,21,2917.886951135417,830.5714285714286,3.513107784304767
zone_temperature_band,IN-SO: < 20 C,ridge_all,reportable,1080,20.86583286253972,6493.262539213265,7717.342638942826,1.6283359604183187,1.4743881458554429,10.040470819716694,32.77777777777778,57.927562251135875,1.188515417686757,13.018098268644868,1,1747.3920228307907,4.024765116157155,9801.0,21,2081.100807685283,830.5714285714286,2.505625327450461
zone_temperature_band,IN-SO: < 20 C,per_zone_ridge,reportable,1080,25.45807857454521,7945.247310415605,9242.585346931686,1.9924547685906744,1.7657837561609202,15.771918960135627,23.425925925925924,67.15276891549308,1.1632847897403233,13.018098268644868,1,14232.64739365183,32.782032876478326,9801.0,21,2754.1004619573737,830.5714285714286,3.315910428913247
zone_temperature_band,IN-SO: 20 to < 30 C,seasonal_naive,reportable,4919,8.997057226046609,3737.272413092092,4819.9954729881165,1.0,1.0,-0.9402019402367378,43.26082537101037,24.485193933523252,1.2897094298245753,8.997057226046609,226,4269.845132743363,8.503862983528865,4269.845132743363,1265,783.591304347826,783.591304347826,1.0
zone_temperature_band,IN-SO: 20 to < 30 C,hour_weekday_mean,reportable,4919,21.510531372770444,9813.051457071446,11987.111726319858,2.62572549506833,2.486954976098462,-16.688371853959218,76.80422850172799,44.34514967273591,1.2215478313508432,8.997057226046609,226,7312.054050237306,13.893985307521369,4269.845132743363,1265,2623.121872889483,783.591304347826,3.34756378527283
zone_temperature_band,IN-SO: 20 to < 30 C,ridge_all,reportable,4919,15.85223267194851,6880.62476911936,8132.964320088486,1.8410819465596746,1.6873385806411392,-2.865280838949689,56.08863590160602,32.19570944703992,1.182009569332962,8.997057226046609,226,6928.024502983961,13.266568359223543,4269.845132743363,1265,1943.4095254204983,783.591304347826,2.4801315617431148
zone_temperature_band,IN-SO: 20 to < 30 C,per_zone_ridge,reportable,4919,19.228009522496638,8176.738605641707,9914.293298119997,2.1878893754165896,2.0569092551395514,-0.13114307314545923,50.62004472453751,43.41534021361416,1.2124997234569084,8.997057226046609,226,7924.547906540013,16.557383948763015,4269.845132743363,1265,2775.6682579238777,783.591304347826,3.542239739674031
zone_temperature_band,IN-SO: 30 to < 45 C,seasonal_naive,reportable,675,9.12548397066801,3738.1125925925926,4880.409953636637,1.0,1.0,0.8116293396040325,42.074074074074076,26.044358811792822,1.305581314834553,9.12548397066801,51,3510.5098039215686,7.613262121304821,3510.5098039215686,104,1045.0384615384614,1045.0384615384614,1.0
zone_temperature_band,IN-SO: 30 to < 45 C,hour_weekday_mean,reportable,675,10.647683446364857,4353.651526833211,5411.515747899842,1.164665702007041,1.1088240125949773,1.902869344346352,31.25925925925926,26.61041660049059,1.242983209507378,9.12548397066801,51,5500.043758348669,12.323373580923025,3510.5098039215686,104,4739.668008822775,1045.0384615384614,4.5354005457801385
zone_temperature_band,IN-SO: 30 to < 45 C,ridge_all,reportable,675,15.719748864381804,6162.322415503538,7009.554329647275,1.6485117189125698,1.436263427916359,13.623285284881613,10.37037037037037,33.457025307126514,1.13748581411648,9.12548397066801,51,5488.533163079158,12.313977710854692,3510.5098039215686,104,2815.1601669614415,1045.0384615384614,2.6938340267563756
zone_temperature_band,IN-SO: 30 to < 45 C,per_zone_ridge,reportable,675,16.80066284860513,6765.54539272077,7712.512355153008,1.809882721597875,1.5803001035611837,13.39384958853069,13.185185185185185,34.46749694026433,1.1399690501598148,9.12548397066801,51,8749.543119806049,19.96933498468586,3510.5098039215686,104,4571.838562626187,1045.0384615384614,4.374804115721941
zone_temperature_band,IN-SO: >= 45 C,seasonal_naive,absent,0,,,,,,,,,,,0,,,,0,,,
zone_temperature_band,IN-SO: >= 45 C,hour_weekday_mean,absent,0,,,,,,,,,,,0,,,,0,,,
zone_temperature_band,IN-SO: >= 45 C,ridge_all,absent,0,,,,,,,,,,,0,,,,0,,,
zone_temperature_band,IN-SO: >= 45 C,per_zone_ridge,absent,0,,,,,,,,,,,0,,,,0,,,
zone_temperature_band,IN-EA: < 20 C,seasonal_naive,reportable,837,7.101245994653031,2514.6427718040622,3226.1059378301184,1.0,1.0,-0.1944892246278178,35.00597371565114,18.369391826378827,1.2829281256182707,7.101245994653031,37,2267.5945945945946,5.400634001637367,2267.5945945945946,76,410.35526315789474,410.35526315789474,1.0
zone_temperature_band,IN-EA: < 20 C,hour_weekday_mean,reportable,837,8.975429776885811,3150.796476875177,3768.9660145234725,1.2529797521159332,1.1682710013727826,1.5330838237356412,37.27598566308244,19.125339504821707,1.1961946898777065,7.101245994653031,37,5291.277292584102,12.537780245081564,2267.5945945945946,76,1405.79442115519,410.35526315789474,3.4257984419083094
zone_temperature_band,IN-EA: < 20 C,ridge_all,reportable,837,11.267904957822235,4141.238964534499,4817.0238677318885,1.6468498074434166,1.4931387749070084,-9.863052411480782,81.83990442054959,21.672633147833988,1.1631842327827009,7.101245994653031,37,4356.382179083074,10.313701573492171,2267.5945945945946,76,1333.2182161461565,410.35526315789474,3.248936557767913
zone_temperature_band,IN-EA: < 20 C,per_zone_ridge,reportable,837,10.311788367025411,3461.0706378003147,4250.869597490646,1.3763667255676493,1.317647243893604,6.797068912738879,22.58064516129032,25.610551206880135,1.2281949842527018,7.101245994653031,37,3310.776413517231,7.7948672567719735,2267.5945945945946,76,1188.2713792863467,410.35526315789474,2.895713753351151
zone_temperature_band,IN-EA: 20 to < 30 C,seasonal_naive,reportable,5921,10.024945005779133,3505.020942408377,4786.59856179293,1.0,1.0,0.8939525212677693,37.15588583009627,29.16025272831706,1.3656405027080818,10.024945005779133,300,3377.943333333333,8.76900749812163,3377.943333333333,1454,459.4257221458047,459.4257221458047,1.0
zone_temperature_band,IN-EA: 20 to < 30 C,hour_weekday_mean,reportable,5921,14.0273160479246,4643.397348808057,5451.925864506481,1.3247844806363631,1.138997932273714,4.524020316920003,39.18257051173788,34.53560753488254,1.1741243436566913,10.024945005779133,300,4269.9518553054495,10.744832388368915,3377.943333333333,1454,883.8437430045356,459.4257221458047,1.9238011726388196
zone_temperature_band,IN-EA: 20 to < 30 C,ridge_all,reportable,5921,18.789098946192205,6081.492031687215,7702.398769469369,1.7350800841459417,1.609159128352777,9.106330479884313,32.47762202330687,60.38716236971076,1.2665310962073988,10.024945005779133,300,3913.3230982558125,9.791633915136835,3377.943333333333,1454,1813.7316170543315,459.4257221458047,3.9478234013173528
zone_temperature_band,IN-EA: 20 to < 30 C,per_zone_ridge,reportable,5921,12.025231793769596,3946.973312455303,4994.436046166396,1.126091220939539,1.0434207050560795,4.999880863000508,32.34250971119743,34.904679977554984,1.2653837892457134,10.024945005779133,300,3417.7942563422885,8.658968409446086,3377.943333333333,1454,941.5710058459965,459.4257221458047,2.049452088682089
zone_temperature_band,IN-EA: 30 to < 45 C,seasonal_naive,reportable,1819,12.582008661993044,3687.877954920286,4881.109748636041,1.0,1.0,4.943018375721486,30.566245189664652,34.744630146381866,1.3235551198552469,12.582008661993044,20,3388.15,9.838634860213475,3388.15,255,594.364705882353,594.364705882353,1.0
zone_temperature_band,IN-EA: 30 to < 45 C,hour_weekday_mean,reportable,1819,26.01265705823572,6950.780077898741,7785.519253831938,1.8847641280062326,1.5950305677940335,22.447348132940203,13.743815283122595,56.67343136644728,1.120092876853837,12.582008661993044,20,2383.8153946880075,6.929218856941141,3388.15,255,1086.0560201810897,594.364705882353,1.8272552347616362
zone_temperature_band,IN-EA: 30 to < 45 C,ridge_all,reportable,1819,51.10264128968872,13549.418046781837,15183.839771731991,3.6740418778513266,3.1107351716430687,50.79753506017988,1.7592083562396923,104.25102093192346,1.1206267102621688,12.582008661993044,20,1981.7878575076654,5.697315221639085,3388.15,255,2679.10441091435,594.364705882353,4.507509252147023
zone_temperature_band,IN-EA: 30 to < 45 C,per_zone_ridge,reportable,1819,20.052676959745902,5407.050163060945,6320.8036238875575,1.4661684115242961,1.2949521623958198,16.322427288755215,15.283122594832326,50.783766563759904,1.1689929690442031,12.582008661993044,20,1710.1157236473337,4.798945995510932,3388.15,255,1045.1110437528496,594.364705882353,1.7583665944655136
zone_temperature_band,IN-EA: >= 45 C,seasonal_naive,absent,0,,,,,,,,,,,0,,,,0,,,
zone_temperature_band,IN-EA: >= 45 C,hour_weekday_mean,absent,0,,,,,,,,,,,0,,,,0,,,
zone_temperature_band,IN-EA: >= 45 C,ridge_all,absent,0,,,,,,,,,,,0,,,,0,,,
zone_temperature_band,IN-EA: >= 45 C,per_zone_ridge,absent,0,,,,,,,,,,,0,,,,0,,,
zone_temperature_band,IN-NE: < 20 C,seasonal_naive,reportable,1696,25.097495600175268,620.4681603773585,847.963770808502,1.0,1.0,-3.417991952848458,49.764150943396224,77.04701388725155,1.3666515462981765,25.097495600175268,82,701.8658536585366,20.23062001012769,701.8658536585366,413,100.62953995157385,100.62953995157385,1.0
zone_temperature_band,IN-NE: < 20 C,hour_weekday_mean,reportable,1696,23.020131872406367,611.8872250924177,746.5062704741883,0.9861702246256729,0.8803516095533449,-16.878512293794195,80.18867924528303,49.48176271022928,1.2200063015883984,25.097495600175268,82,840.8913947840778,22.719385986604113,701.8658536585366,413,114.08020725575204,100.62953995157385,1.1336651972239074
zone_temperature_band,IN-NE: < 20 C,ridge_all,reportable,1696,27.241608720681228,757.8781968077592,899.0708101270853,1.2214618657415557,1.0602703099801714,-23.19977675105351,86.49764150943396,48.070896424928094,1.186299874985242,25.097495600175268,82,1350.6455020595442,37.10560228190556,701.8658536585366,413,246.19437173356664,100.62953995157385,2.446541759527503
zone_temperature_band,IN-NE: < 20 C,per_zone_ridge,reportable,1696,173.93990190174821,4486.317232857155,6705.111745083425,7.2305357782237385,7.9073092222918335,173.65075262767314,0.9433962264150944,525.7619709738639,1.494569241777227,25.097495600175268,82,6431.284522746452,187.51924929740932,701.8658536585366,413,1053.9040725026844,100.62953995157385,10.473108323955934
zone_temperature_band,IN-NE: 20 to < 30 C,seasonal_naive,reportable,3931,18.781538480990427,474.54871533960824,654.7610707588121,1.0,1.0,0.0503808934024838,47.77410328160773,60.084181250598206,1.3797552276381908,18.781538480990427,184,560.5597826086956,17.230370345784483,560.5597826086956,873,116.90263459335624,116.90263459335624,1.0
zone_temperature_band,IN-NE: 20 to < 30 C,hour_weekday_mean,reportable,3931,18.884862399873825,507.5116590056832,634.7589681134338,1.0694616645258122,0.9694512952301858,-7.844678348852912,67.71813787840244,45.86641785205206,1.2507278539315796,18.781538480990427,184,760.0382759839024,21.840549002635136,560.5597826086956,873,226.63846687487825,116.90263459335624,1.9386942617951783
zone_temperature_band,IN-NE: 20 to < 30 C,ridge_all,reportable,3931,20.615726705369323,531.7383014423922,664.7501260778457,1.120513625375335,1.015256031192351,1.2717289910998986,53.167133045026716,51.72085186964797,1.2501452768676733,18.781538480990427,184,915.0895464412076,25.880049274101452,560.5597826086956,873,246.4997340937788,116.90263459335624,2.108590066863966
zone_temperature_band,IN-NE: 20 to < 30 C,per_zone_ridge,reportable,3931,51.418143112570654,1295.8714246555473,2650.284403124445,2.730744774492043,4.047712244182434,44.24111380097287,22.131773085728824,225.39994119710542,2.0451754338428376,18.781538480990427,184,1042.7366515812776,32.306942010506624,560.5597826086956,873,338.75191262407026,116.90263459335624,2.897726931496564
zone_temperature_band,IN-NE: 30 to < 45 C,seasonal_naive,reportable,806,16.224917586163656,335.5893300248139,477.97775392859063,1.0,1.0,4.780485595118385,37.096774193548384,58.095961401945985,1.4242936564557889,16.224917586163656,2,32.0,0.916165287841634,32.0,54,84.01851851851852,84.01851851851852,1.0
zone_temperature_band,IN-NE: 30 to < 45 C,hour_weekday_mean,reportable,806,16.291618707413917,353.1602531356815,437.48129670930985,1.0523584081459574,0.915275435129705,-0.02798349468534517,62.903225806451616,52.540027152617114,1.2387614201341985,16.224917586163656,2,1086.0584415584415,30.698649032660413,32.0,54,208.8980497302597,84.01851851851852,2.4863334109398334
zone_temperature_band,IN-NE: 30 to < 45 C,ridge_all,reportable,806,30.204944521196598,617.5844122399591,755.3587070841011,1.840298117327789,1.580321889200205,28.6341235836002,5.831265508684864,99.75140341715584,1.2230857711327898,16.224917586163656,2,1076.0166118074135,30.38812631119467,32.0,54,286.6377444745244,84.01851851851852,3.4116019840476786
zone_temperature_band,IN-NE: 30 to < 45 C,per_zone_ridge,reportable,806,18.933733742309997,399.85809175056687,511.4623428777189,1.19151014640722,1.0700547016548616,14.142363552128323,22.084367245657567,66.95329959380038,1.2791096477216504,16.224917586163656,2,1054.9439402974515,29.97889201849876,32.0,54,212.72004099439386,84.01851851851852,2.5318232783110575
zone_temperature_band,IN-NE: >= 45 C,seasonal_naive,absent,0,,,,,,,,,,,0,,,,0,,,
zone_temperature_band,IN-NE: >= 45 C,hour_weekday_mean,absent,0,,,,,,,,,,,0,,,,0,,,
zone_temperature_band,IN-NE: >= 45 C,ridge_all,absent,0,,,,,,,,,,,0,,,,0,,,
zone_temperature_band,IN-NE: >= 45 C,per_zone_ridge,absent,0,,,,,,,,,,,0,,,,0,,,
time_rolling,2024-09-30,seasonal_naive,reportable,720,17.588015420107013,6620.858333333334,7726.399041957097,1.0,1.0,-6.402514711549859,55.97222222222222,30.92054453633297,1.1669784570163382,17.588015420107013,30,6720.233333333334,16.81789865800192,6720.233333333334,150,275.5,275.5,1.0
time_rolling,2024-09-30,hour_weekday_mean,reportable,720,14.086982711959674,5147.308703378763,5421.936311178056,0.7774382782764213,0.7017416886877071,-1.1211444868896137,53.47222222222222,19.84864672645009,1.053353630727262,17.588015420107013,30,5115.537046939988,12.930399778455579,6720.233333333334,150,198.1762210338683,275.5,0.7193329257127706
time_rolling,2024-09-30,ridge_all,reportable,720,18.87752441459114,6619.3537594600375,8150.8358886425785,0.999772752444238,1.0549333323817003,6.611380860030532,34.86111111111111,54.55579119915827,1.2313642970046474,17.588015420107013,30,5098.367580018989,12.766390769113977,6720.233333333334,150,1559.0165684930805,275.5,5.658862317579239
time_rolling,2024-09-30,per_zone_ridge,reportable,720,13.918440693084586,4901.440107014724,5242.376692482406,0.740302821816616,0.6785019339558356,2.2206157040012133,52.361111111111114,26.709878127607073,1.0695584518067962,17.588015420107013,30,4643.445540724658,12.084918653100807,6720.233333333334,150,457.30738913265816,275.5,1.6599179278862364
time_rolling,2024-10-31,seasonal_naive,reportable,720,15.092908059501257,5668.95,6558.424197168098,1.0,1.0,4.663066765676906,42.083333333333336,35.171028880086666,1.1569028121906346,15.092908059501257,30,4638.7,11.19809895365314,4638.7,150,206.67333333333335,206.67333333333335,1.0
time_rolling,2024-10-31,hour_weekday_mean,reportable,720,16.058234417126926,6700.376261019791,7247.395281736998,1.1819430866421103,1.1050513147451482,-11.689214250554905,77.77777777777779,23.78320303045425,1.0816400451866492,15.092908059501257,30,8483.915286338968,19.247071806276594,4638.7,150,155.7991844476059,206.67333333333335,0.7538427040140926
time_rolling,2024-10-31,ridge_all,reportable,720,16.838518839379628,6756.65812203067,8074.491199086379,1.1918711793243317,1.2311633033088822,-5.056834265313474,54.44444444444444,38.69489002601842,1.1950421426176352,15.092908059501257,30,8940.78241312599,20.23015774954932,4638.7,150,1447.1779749553812,206.67333333333335,7.002248193390767
time_rolling,2024-10-31,per_zone_ridge,reportable,720,15.821921740888293,6595.966516932323,7182.189811795523,1.1635252589866418,1.0951090682570923,-11.331610293224099,77.77777777777779,23.976285274902597,1.0888760264865387,15.092908059501257,30,8453.838212346613,19.20583999144095,4638.7,150,325.9915636856799,206.67333333333335,1.5773276524257922
time_rolling,2024-11-30,seasonal_naive,reportable,1402,16.1775059747585,5751.420827389444,7013.328973228993,1.0,1.0,7.582991424284409,29.885877318116975,47.940975849762275,1.2194080704075911,16.1775059747585,58,5400.6551724137935,12.159665831400703,5400.6551724137935,290,804.7724137931034,804.7724137931034,1.0
time_rolling,2024-11-30,hour_weekday_mean,reportable,1402,13.670418532894605,4988.516739219769,5883.930395513011,0.8673538050742924,0.8389639810100056,4.404270745866552,34.59343794579173,31.592607217050958,1.1794949687656635,16.1775059747585,58,4382.446120377156,9.470088407063757,5400.6551724137935,290,1914.3251458133502,804.7724137931034,2.3787161600018494
time_rolling,2024-11-30,ridge_all,reportable,1402,22.750231793402506,8873.940014330212,11522.725622371474,1.5429126611759467,1.6429752071171302,17.598637629004124,19.900142653352354,66.16661598923899,1.2984903665974563,16.1775059747585,58,4988.239034677761,10.281311560881083,5400.6551724137935,290,2612.648319426453,804.7724137931034,3.246443683515885
time_rolling,2024-11-30,per_zone_ridge,reportable,1402,21.277180504376894,8323.721428272205,10318.506025621737,1.4472461115404631,1.4712707852446587,19.436766847174457,9.985734664764621,47.38451818035567,1.2396505715068842,16.1775059747585,58,10129.013110256918,19.640951931803066,5400.6551724137935,290,2170.8186554727595,804.7724137931034,2.697431743766069
time_rolling,2024-12-31,seasonal_naive,reportable,3363,18.544632049634828,4784.661016949152,6983.840833246511,1.0,1.0,-3.899385320069164,46.47636039250669,71.58799439701542,1.4596312692805191,18.544632049634828,140,5170.107142857143,14.149479889144297,5170.107142857143,700,620.9271428571428,620.9271428571428,1.0
time_rolling,2024-12-31,hour_weekday_mean,reportable,3363,21.437054732497252,6234.302837711117,9447.375871548731,1.3029769121839065,1.3527478785848877,-1.0222604383068508,51.709782931906034,56.34155208121313,1.5153861012977792,18.544632049634828,140,8357.482235986487,17.82129986985472,5170.107142857143,700,1911.042298113631,620.9271428571428,3.0777238845126567
time_rolling,2024-12-31,ridge_all,reportable,3363,25.739642428023586,6891.541277090212,8927.448152550485,1.4403405492421846,1.2783006322325459,7.720334704657264,40.440083258994946,66.19853360235324,1.2954211247675913,18.544632049634828,140,4952.03167261841,19.140627648784978,5170.107142857143,700,2427.6323883829637,620.9271428571428,3.9096895929084727
time_rolling,2024-12-31,per_zone_ridge,reportable,3363,70.93973429070786,8787.744985807598,11478.286023903936,1.8366494417635744,1.643549201359467,65.61385180647332,18.941421349985134,342.935068927463,1.3061696763437745,18.544632049634828,140,11512.904847049169,72.71278420021375,5170.107142857143,700,2410.5532548972315,620.9271428571428,3.882183735446445
time_rolling,2025-01-31,seasonal_naive,reportable,3600,12.005676051075591,3453.4694444444444,4887.755824563616,1.0,1.0,1.4297372484540125,40.44444444444444,35.121971954691816,1.4153175243598843,12.005676051075591,150,3676.12,9.063480159529288,3676.12,750,749.652,749.652,1.0
time_rolling,2025-01-31,hour_weekday_mean,reportable,3600,17.999739072201013,6449.576870793971,10144.301461457782,1.8675644810378527,2.075451766734578,-3.61321253816765,59.36111111111111,46.895930025428335,1.5728630985692826,12.005676051075591,150,8598.873990117641,16.13331811823255,3676.12,750,1819.694682990749,749.652,2.427385884371347
time_rolling,2025-01-31,ridge_all,reportable,3600,17.733129353279068,5181.310322195997,7022.067085795982,1.5003203026831786,1.4366648698992486,1.7669710090011856,48.02777777777778,48.469706711659704,1.3552685805585596,12.005676051075591,150,3276.205013977291,13.011661989668125,3676.12,750,2312.606266441875,749.652,3.084906418500684
time_rolling,2025-01-31,per_zone_ridge,reportable,3600,58.928912910066124,6410.037760441276,8564.960400340591,1.856115382967418,1.7523298437489518,51.93976651522021,24.333333333333336,346.361281461528,1.3361793986921797,12.005676051075591,150,8684.435124951342,55.365864339899915,3676.12,750,2208.195105466369,749.652,2.9456269115087657
time_rolling,2025-02-28,seasonal_naive,reportable,3600,10.008863412410788,2620.9355555555558,3606.7777261089373,1.0,1.0,-1.9792942282724768,48.5,34.84497335845965,1.3761413242167315,10.008863412410788,150,2809.9266666666667,8.470460986426644,2809.9266666666667,750,721.3333333333334,721.3333333333334,1.0
time_rolling,2025-02-28,hour_weekday_mean,reportable,3600,14.115600031598365,6449.033194874716,10625.567258200163,2.4605844204008767,2.946000021371773,-8.084781937454071,70.75,34.34644079297577,1.6476217344709423,10.008863412410788,150,9290.318629143878,15.45200512094359,2809.9266666666667,750,1497.4706802590701,721.3333333333334,2.0759759892685814
time_rolling,2025-02-28,ridge_all,reportable,3600,14.562635911487734,5027.973137436143,6786.389613793215,1.918388693983119,1.8815657989311434,0.7855963658582867,46.916666666666664,34.184561653181774,1.3497267046366366,10.008863412410788,150,3000.8609084446107,10.44041159478336,2809.9266666666667,750,1930.2849365237173,721.3333333333334,2.6759957530365766
time_rolling,2025-02-28,per_zone_ridge,reportable,3600,28.809546147016153,5377.895719632956,7849.53375065959,2.0518992572074177,2.176328664180762,19.931090059264452,34.0,103.54278641806744,1.4595920337397923,10.008863412410788,150,7175.815267270925,28.97779263842551,2809.9266666666667,750,1670.7097741451885,721.3333333333334,2.3161410916985052
time_rolling,2025-03-31,seasonal_naive,reportable,3600,10.407302858170665,3387.663888888889,4804.130072078028,1.0,1.0,-0.31554726348194295,41.77777777777778,27.474575110170697,1.4181247696487749,10.407302858170665,150,3774.66,9.491944716595603,3774.66,750,772.288,772.288,1.0
time_rolling,2025-03-31,hour_weekday_mean,reportable,3600,14.392489924368107,7234.664706685882,11420.206495507473,2.1355910574288886,2.377164299085611,-8.13408338394217,64.30555555555556,34.71295284308775,1.5785398437267648,10.407302858170665,150,9151.428332096952,14.893000421713834,3774.66,750,1456.0718092948061,772.288,1.8854000182507125
time_rolling,2025-03-31,ridge_all,reportable,3600,15.249256812882093,5683.374879359944,7943.179747763787,1.6776678754939942,1.6534064708052256,4.173234475931964,42.69444444444444,41.360421304902985,1.3976167183007184,10.407302858170665,150,5291.814165069392,12.268830730778026,3774.66,750,1924.9882331948334,772.288,2.492578200353797
time_rolling,2025-03-31,per_zone_ridge,reportable,3600,17.97914327945478,5832.410422345904,8244.938111793226,1.7216614793089353,1.716218750968763,7.914998378044118,35.22222222222222,48.84659687336639,1.4136416189443948,10.407302858170665,150,6318.019725672697,19.083025337268808,3774.66,750,1511.6750341916525,772.288,1.9573980615931525
time_rolling,2025-04-30,seasonal_naive,reportable,3600,12.799192165318903,3806.665,5301.603377071674,1.0,1.0,-0.09234345150196178,46.111111111111114,42.13697334558622,1.3927160328191932,12.799192165318903,150,4418.78,11.133183420017973,4418.78,750,740.6706666666666,740.6706666666666,1.0
time_rolling,2025-04-30,hour_weekday_mean,reportable,3600,20.02794487895407,9134.859752538827,13684.210633786859,2.399701511044136,2.581145676224708,-6.3683357551934625,60.97222222222223,43.386551801626986,1.498020878753354,12.799192165318903,150,10655.668737128224,19.605906451905756,4418.78,750,1588.9178741005048,740.6706666666666,2.1452420699354975
time_rolling,2025-04-30,ridge_all,reportable,3600,20.532987391217887,7110.544989031146,10430.464275051427,1.867919816698119,1.9674169365745093,8.287362119552148,39.47222222222222,71.00927487123553,1.4669008199992615,12.799192165318903,150,9456.98173647778,17.86769888788957,4418.78,750,2106.5454306958964,740.6706666666666,2.844105383808768
time_rolling,2025-04-30,per_zone_ridge,reportable,3600,17.721995948483933,6210.295513351392,8984.832775475272,1.6314268561460996,1.694738767960801,6.432746986391881,36.611111111111114,46.24929407761667,1.4467641283991972,12.799192165318903,150,6591.282168775963,14.999531483017023,4418.78,750,1657.4167933585506,740.6706666666666,2.237724359758477
time_rolling,2025-05-31,seasonal_naive,reportable,3600,16.75184556994355,5529.671111111111,7825.616208609034,1.0,1.0,4.79646592677054,33.44444444444444,44.956667230217626,1.415204639003672,16.75184556994355,150,5177.82,13.191412154981627,5177.82,750,830.7026666666667,830.7026666666667,1.0
time_rolling,2025-05-31,hour_weekday_mean,reportable,3600,23.114911216442174,8982.403363177917,12439.642118721327,1.624401014579152,1.5896054428322666,-2.5017580349934945,54.72222222222223,54.82484325692624,1.3848901697863925,16.75184556994355,150,7854.927897274778,15.690185793125753,5177.82,750,1606.3225419574994,830.7026666666667,1.933691327130485
time_rolling,2025-05-31,ridge_all,reportable,3600,23.972339468442257,7284.9900665037785,10160.939451972417,1.3174364117000732,1.2984203647495864,11.786055015015567,41.19444444444444,89.33548131886286,1.39477739286045,16.75184556994355,150,6205.325959830081,12.652212998823124,5177.82,750,2011.233229498496,830.7026666666667,2.421122876093447
time_rolling,2025-05-31,per_zone_ridge,reportable,3600,21.33591389008184,6954.653769926802,9455.367722379839,1.2576975429790724,1.2082585537453139,10.164605740197532,32.0,58.29127763048177,1.3595741837309834,16.75184556994355,150,4375.729102508963,9.595368337608631,5177.82,750,1690.01059555721,830.7026666666667,2.0344350191370637
time_rolling,2025-06-30,seasonal_naive,reportable,3482,10.623070462516711,4549.121194715681,6465.881895797959,1.0,1.0,-1.5109070801215643,50.17231476163124,24.63197071058319,1.4213474688932914,10.623070462516711,145,4742.006896551724,11.34635736804256,4742.006896551724,725,743.0744827586207,743.0744827586207,1.0
time_rolling,2025-06-30,hour_weekday_mean,reportable,3482,23.065412563913725,10456.487105724504,13857.919324389255,2.2985729898493137,2.1432373105044227,-11.071020232640244,65.8816771970132,49.14165676189509,1.32529397151005,10.623070462516711,145,8405.622726706333,19.285050776776327,4742.006896551724,725,1579.366340193516,743.0744827586207,2.1254482246923763
time_rolling,2025-06-30,ridge_all,reportable,3482,21.459978821245564,8318.66589888145,10952.932485427662,1.8286314087530846,1.6939580187113752,1.6373823106239684,54.07811602527283,64.77002484281194,1.3166693576310622,10.623070462516711,145,6298.826547106709,16.195669484272244,4742.006896551724,725,1873.3544299444657,743.0744827586207,2.5210856696219017
time_rolling,2025-06-30,per_zone_ridge,reportable,3482,17.743729115216993,7825.935846215394,10925.681190207642,1.7203181694315168,1.6897433894219462,-1.101365011961493,46.7834577828834,39.70432742036369,1.3960862195786181,10.623070462516711,145,5810.786901585091,14.061381364953245,4742.006896551724,725,1653.2780905599602,743.0744827586207,2.224915710229023
time_rolling,2025-08-31,seasonal_naive,reportable,3482,6.2623069851061555,2517.546237794371,3789.0511790486203,1.0,1.0,1.5006896191735377,28.690407811602526,16.352968098998527,1.505057234765316,6.2623069851061555,145,2933.1448275862067,6.395157829237935,2933.1448275862067,725,583.6331034482758,583.6331034482758,1.0
time_rolling,2025-08-31,hour_weekday_mean,reportable,3482,21.527273630254594,9339.148413935283,12133.556233345278,3.7096233919093127,3.202267707661803,-10.828788636049538,67.08788052843192,44.33800079380674,1.2992144139438193,6.2623069851061555,145,6782.860836098018,15.331798447968042,2933.1448275862067,725,1431.959813278735,583.6331034482758,2.4535274041487636
time_rolling,2025-08-31,ridge_all,reportable,3482,19.270120844022262,7916.5144780399405,10449.093102660172,3.1445358814841944,2.75770703769797,2.748376864341997,50.02871912693854,57.497036081809924,1.319910818283159,6.2623069851061555,145,5487.609277267003,14.566778772772087,2933.1448275862067,725,1530.4033406617511,583.6331034482758,2.6222010568277887
time_rolling,2025-08-31,per_zone_ridge,reportable,3482,14.494779585075248,6530.382461647773,9554.556167663946,2.593947377653353,2.5216223577278165,3.0558694935132142,33.83113153360138,33.643148311094464,1.4630928929165814,6.2623069851061555,145,5659.181814536009,10.334533931528133,2933.1448275862067,725,1415.0661336397357,583.6331034482758,2.4245816854443474
